	cFA1a	cFA1b	cFA1c	cFA2a	cFA2b	cFA2c	cFA3a	cFA3b	cFA3c	cFA4a	cFA4b	cFA4c	cFA5a	cFA5b	cFA5c	cFA6a	cFA6b	cFA6c	cFT1a	cFT1b	cFT1c	cFT2a	cFT2b	cFT2c	cFT3a	cFT3b	cFT3c	cFT4a	cFT4b	cFT4c	cFT5a	cFT5b	cFT5c	cFT6a	cFT6b	cFT6c	cNA1a	cNA1b	cNA1c	cNA2a	cNA2b	cNA2c	cNA3a	cNA3b	cNA3c	cNA4a	cNA4b	cNA4c	cNA5a	cNA5b	cNA5c	cNA6a	cNA6b	cNA6c	cNT1a	cNT1b	cNT1c	cNT2a	cNT2b	cNT2c	cNT3a	cNT3b	cNT3c	cNT4a	cNT4b	cNT4c	cNT5a	cNT5b	cNT5c	cNT6a	cNT6c
cFA1a	0.0	0.16738784253814762	0.1303024746715882	0.20736809860692684	0.2448231475045105	0.18148735866143817	0.22812134761144548	0.1859642194439634	0.20830814236838363	0.20537097002510274	0.31207387142155935	0.21104334119270368	0.1623996734466096	0.18183777398222462	0.16907508687616687	0.19417785939700288	0.156854072453472	0.18779882184531538	0.2392124818618468	0.19264555967764857	0.19797067328964377	0.24595737226724834	0.21627931112812082	0.2900244480818923	0.2493310528541376	0.2999475822481414	0.20450837793261595	0.20120130461538688	0.24532838387773076	0.1779213067402007	0.2141501728835242	0.1872671825882948	0.18607301069212054	0.182029086902224	0.2665601643355261	0.18190465439460915	0.5027731619156373	0.4186443887883124	0.4819170376168771	0.27441466452116364	0.5329360187079117	0.41871493574855806	0.28583311369843784	0.30711707929115384	0.5767433996180997	0.4214813037121369	0.5718472952464981	0.3898769136562614	0.8190856677830691	0.6417954882015082	0.5141720912841178	1.00670518694679	1.132226422258354	0.7696055308134684	0.2744398232957372	0.27367185665623456	0.2704963431521218	0.5192090703164568	0.9121399590593747	0.49046483764484744	0.9845503354559053	0.9089963853677611	0.3461563682876244	0.7155429798828155	0.3855416295785068	0.5918436456438976	1.0005701559216569	0.9600594682908864	0.8447990026352886	0.703711558299041	0.6017168339634129
cFA1b	0.16738784253814762	0.0	0.16582877435041135	0.24373482786970704	0.25292268141547364	0.2213556562415532	0.2696318744067355	0.15944215736234543	0.25514895024195006	0.2603258170017625	0.21322137989316892	0.1995249088779264	0.18821421004852792	0.2506876731852043	0.16298676685749894	0.25568324023307615	0.21983089270234332	0.20982318996442503	0.2716943325163989	0.2467241113285271	0.25929255094434484	0.2782140681262066	0.27059148873678746	0.25565095629531287	0.2591909628563311	0.2768059541151294	0.2687135025827354	0.268030481627604	0.1821188008875568	0.1630309117451622	0.24893975750775846	0.26054625498257644	0.2173413098558869	0.1558584479540291	0.257205242700371	0.20840079427918917	0.4527672419356261	0.36662636193918874	0.40698527627958525	0.33191483830706997	0.5978605593079069	0.48193250605786353	0.2824713844221453	0.29448360811572205	0.6338798431328715	0.4852447624588998	0.6370694468494411	0.37872041852025684	0.7770223947320476	0.702244356589037	0.533251189707035	0.9158202363015774	1.0424454536146377	0.7440121434439122	0.25659627444644945	0.2600040765082292	0.2248261609312064	0.466060171371252	0.9061992476658062	0.41128140343387043	0.98006813112179	0.9076444406022514	0.3220660176701439	0.6539398814373061	0.3357067117807574	0.5533357317060346	0.9127232357617521	0.8714720392291555	0.7469902938049794	0.638031440811829	0.5879005118460083
cFA1c	0.1303024746715882	0.16582877435041135	0.0	0.1364891919458697	0.15412367704962782	0.14479252137478746	0.15795529969126076	0.12613078101155684	0.15743454547394667	0.12862186281437338	0.29670900187647775	0.20932689251652248	0.15010635729388874	0.1208341804240006	0.16367712494821873	0.14326021293030924	0.11478753890790973	0.15725542818719473	0.15948694641483363	0.13170547083613057	0.161589092389076	0.15472957511387633	0.13000477366715227	0.20395979231620223	0.15643055763292982	0.21023762040984115	0.15114128967621737	0.12947892146927123	0.22251712818265174	0.14454530611437916	0.13036557813770788	0.13894208497156132	0.11130079432981257	0.18829915705343392	0.20091414782566563	0.14303255322247937	0.4580979492169107	0.357760714153769	0.4854793561138805	0.32873514234450174	0.5919253909314631	0.4812585090703219	0.20699654404440923	0.22487823097156118	0.6592067092848508	0.49328282861497574	0.6415925406870157	0.3076405752636806	0.7642346922876926	0.7274418877027733	0.5935137569256727	0.9973900551034531	1.1218675638025755	0.8563848468630362	0.18366965206803973	0.20450542645926154	0.20509123453962225	0.5017963651936234	0.8495915508725342	0.47541710129344383	0.9328028824150075	0.850754847818836	0.270833769771758	0.7576252998713253	0.4229403452388386	0.667271332138555	0.9865525007303286	0.9386840871932383	0.8296123818375929	0.7257664596548167	0.6851938157505504
cFA2a	0.20736809860692684	0.24373482786970704	0.1364891919458697	0.0	0.06469304337988387	0.09073872140814307	0.07386482905970121	0.12522238290870427	0.06151384375479018	0.06234513793540833	0.32886972988047825	0.2422221589606334	0.16717364550384897	0.09150545762326294	0.18016047436418128	0.12563463326982188	0.12257843318676759	0.1913161114252268	0.13278544570856288	0.10924507010042199	0.0960054190361757	0.1004790861120654	0.07517726035960051	0.1759439095495661	0.09319432701273155	0.20819616862580712	0.06592727659197868	0.0840106468302825	0.23914941006521645	0.15374894247360163	0.09075165229835559	0.10045089315958673	0.07895138432786346	0.19461429819353857	0.19057034320489313	0.16162348108599983	0.5122191553261326	0.42015610425882216	0.5802370763880463	0.4270100500161894	0.6898560102478108	0.5808922258070259	0.23907083173611038	0.27506238626195145	0.7500335057561037	0.5847436586570823	0.7305398303497707	0.3078140986086024	0.779204002934617	0.816400563186455	0.688356530576373	1.0568347500081479	1.1423640379096465	0.947056104995577	0.18224806918415654	0.1373073601154725	0.22640928324310433	0.5326798120637106	0.8603036186184354	0.5117098244989009	0.9213438884653318	0.8452205004864086	0.3102574307551318	0.8490126154766948	0.5206546474481943	0.7568038813466299	1.0097057982559214	0.963138134441629	0.8529486425421784	0.8196826990933966	0.7793003781223665
cFA2b	0.2448231475045105	0.25292268141547364	0.15412367704962782	0.06469304337988387	0.0	0.12487119705317848	0.09024716361403382	0.15493998796853536	0.09729354508100628	0.08546720607700573	0.3380604455605701	0.26036993984804957	0.20552224333526187	0.12395536165393929	0.20806580453912416	0.16149502446806255	0.15955563628522693	0.21449104929967605	0.1263684852000121	0.13034421092872991	0.1382803442991034	0.0849493564567768	0.0845339805373941	0.16144108664196308	0.06938694607604202	0.18572660784526973	0.09685880902428308	0.10432268068991185	0.24300538565487284	0.17370174337941802	0.09497598844848623	0.12783012783673928	0.1046141701635364	0.2245797036139642	0.17795820555863812	0.18355248852731978	0.5019357847613858	0.40569390182513276	0.5774309659384975	0.4120821335934167	0.6689736563112392	0.567010885385697	0.22343807508061242	0.2555129154496915	0.7497783118831757	0.5752336518586496	0.7194733514233489	0.2850031894300473	0.7770230403922254	0.8196011827876627	0.6834094425346402	1.0582410811560583	1.1391811387831134	0.9476160199681686	0.16436575966738376	0.1444175049762458	0.21999774973086722	0.5270864131527921	0.8484445750735953	0.5103946581494772	0.9156011271413079	0.834170897382931	0.2995949857180471	0.8470632986539973	0.5164368137306115	0.7609993673704596	1.01023611470663	0.9588774676796684	0.8509006667815904	0.8139905372922178	0.7768497953139992
cFA2c	0.18148735866143817	0.2213556562415532	0.14479252137478746	0.09073872140814307	0.12487119705317848	0.0	0.121009306031393	0.12322695653349616	0.10121363344267968	0.10446280907444246	0.29668507879192624	0.2102754013678066	0.1285657443503228	0.07569436661196086	0.14175902433891893	0.0771266445426865	0.09023104273140317	0.17709298086944042	0.17285913176008877	0.07473924457564174	0.07524938813153917	0.14353396892229336	0.12140179341537037	0.2109718562203101	0.14253881875582505	0.22648682459939423	0.09399329829647114	0.10811120806074405	0.21950116477426737	0.13844184918283017	0.12341788651184396	0.07935593904787609	0.08062414130919712	0.15424365896676767	0.20666658622857167	0.1359221046943484	0.49328766792298745	0.40728753904363746	0.5483530168461517	0.4328398954448086	0.6928889412604559	0.576497847980451	0.24700748365077077	0.28346562815630855	0.7317140736848987	0.5826694617958471	0.7317540527403448	0.3333539800832778	0.752833908998524	0.8016546251379084	0.6565834854042596	1.0249322970508081	1.1106436407280598	0.9114470032519997	0.18890198851642057	0.17622605018439003	0.2089285164192624	0.5157972542834506	0.8528615409332615	0.47947216067115883	0.9327471600538028	0.8579805643413833	0.3010830425068208	0.8124707153358793	0.49063354041800095	0.7200543522515754	0.981306746457123	0.9389120806166197	0.8182494775198971	0.7897087329785177	0.7444612563494798
cFA3a	0.22812134761144548	0.2696318744067355	0.15795529969126076	0.07386482905970121	0.09024716361403382	0.121009306031393	0.0	0.13998706777044304	0.04525523512342004	0.09500057737659182	0.34634469084875724	0.2567218943833824	0.19585545661417714	0.12596438266303597	0.20615807027061206	0.1496900428523362	0.1439408008470841	0.21019447369614497	0.1472618091625839	0.12371554310197555	0.11031316030862531	0.07942449378196469	0.07533541756911975	0.19185619236585844	0.06691526414524539	0.22141341153968616	0.04901817443931694	0.09691867627300266	0.2443273264160061	0.16697592841075576	0.10424837468371709	0.11429878160521315	0.10197483634345755	0.21050485086031923	0.20114547058036802	0.16976204659732386	0.5263371912089669	0.43414471394016274	0.5908675670535063	0.4305626542219356	0.6914243919821756	0.5833803260376444	0.2418593972330805	0.2789487510400473	0.7601548472346908	0.5889894036826777	0.7345142064001629	0.31326330846972383	0.7896061362023368	0.8257377910608419	0.6994025978470194	1.0682614286461305	1.1512259447344293	0.9574886923205421	0.19384298760999377	0.13712216183961992	0.2397170536019911	0.5407499759150448	0.8643325075505597	0.522780001522349	0.9250286620315683	0.848223379856585	0.31996199726026875	0.8580620452343408	0.5331064048833241	0.7661494304537957	1.0202050846936987	0.9764487169496455	0.8649269441268606	0.8273253072629416	0.7897099457664374
cFA3b	0.1859642194439634	0.15944215736234543	0.12613078101155684	0.12522238290870427	0.15493998796853536	0.12322695653349616	0.13998706777044304	0.0	0.12759526219381964	0.1338374617200907	0.22494531617408342	0.16942759368795057	0.1144749574548807	0.1275300463349024	0.0971458698388855	0.14329946195006327	0.11512493963519625	0.14820078718465926	0.17237252506729017	0.13060110632650468	0.15915736995342716	0.1616177517682638	0.1421779703817815	0.191383167771131	0.15406655504691705	0.23646750069790126	0.14364769586969678	0.13591504194627219	0.1598734370927693	0.10256933390204047	0.144898855838201	0.14506664694105031	0.12089489596785014	0.11270081296004286	0.19289685178790705	0.12312675000998789	0.4393374495273942	0.3550603385691327	0.5048441573728258	0.41070045004467826	0.6685206466563013	0.5584386802669831	0.2521175286048489	0.2832607625743563	0.7160573443422098	0.563423984014655	0.708595064787106	0.3436415120985139	0.7440979578932924	0.7892913064967292	0.6129060277681462	0.9800095502956742	1.0748000839560283	0.8593676823544321	0.20109647355101795	0.21146117452107227	0.17796285360226222	0.4851569833932734	0.864839151554833	0.436385490123983	0.9492357300335849	0.8707953600325735	0.2916716580614317	0.7653347749934963	0.43824676298071374	0.6684467379852195	0.9392738584949203	0.8947870168697891	0.7783048783464719	0.7431761163980851	0.6987426469314618
cFA3c	0.20830814236838363	0.25514895024195006	0.15743454547394667	0.06151384375479018	0.09729354508100628	0.10121363344267968	0.04525523512342004	0.12759526219381964	0.0	0.08441542494875837	0.33337742046931934	0.24837563860413886	0.18179271689862733	0.11012966093320978	0.1930883565641362	0.12707052662614762	0.12410355983184439	0.20176938498952035	0.151323437251445	0.11046151609040908	0.08572468352567184	0.10354405417581514	0.08178659425879621	0.18810162673695324	0.08769127366099802	0.22737589457800142	0.04491463712094323	0.08833890595990629	0.25065276566185146	0.16109978392066188	0.11397770260815968	0.1054136976032657	0.10357305344236784	0.19482185444663092	0.19703966003916304	0.169610196909872	0.5270230151214543	0.4352662003454417	0.5855938956984073	0.440205094660876	0.6981538149572186	0.5879597644947857	0.2505963049570901	0.28795342347095193	0.7565441782546027	0.5901607051554786	0.7365865989748346	0.3210371219103189	0.7868517020393141	0.8207030624665663	0.6951981297648345	1.0632827413006378	1.1463596710088964	0.9519874668164253	0.19726627901691948	0.13925243955369873	0.2417928411720469	0.5363574370243596	0.8672895449443033	0.515921198787126	0.9235480727280383	0.8503741382498775	0.3187984423319359	0.8526745985578322	0.5295185804513286	0.7603362150851801	1.0135624625911002	0.9700455629857655	0.8589043204189242	0.8241385660612516	0.7840157800963218
cFA4a	0.20537097002510274	0.2603258170017625	0.12862186281437338	0.06234513793540833	0.08546720607700573	0.10446280907444246	0.09500057737659182	0.1338374617200907	0.08441542494875837	0.0	0.33042895000580724	0.2398838326744435	0.1657523873693721	0.08959017770495366	0.18491528168523205	0.11042320883953213	0.11705213883048161	0.1949362583901242	0.10787711030180094	0.08553302208138404	0.10999638546494155	0.08448146822529576	0.06516402904165934	0.16730228182871595	0.087004235949017	0.18441523059614623	0.079002626455146	0.05702907606282941	0.24217922087808708	0.1504022041528198	0.07469350947563917	0.09556389447963652	0.07451675049586409	0.196574544978992	0.17627144938267647	0.16026176639524384	0.5052142878387436	0.4088598281049638	0.5808764326449379	0.4131456631277415	0.670534809239502	0.5673873096487827	0.227034724329525	0.26261908607526074	0.7515767858269056	0.5809380435423409	0.7204716106275793	0.295982386963238	0.7793589308410332	0.81914746613393	0.686640471500889	1.060189833588612	1.14301489833906	0.9483278296558283	0.17567663727382296	0.16127337991028462	0.22929306303411798	0.5297066688744597	0.853519634633259	0.5127819750957004	0.9191814017719993	0.8402095448439657	0.3087749139175416	0.8497319272075238	0.523833350183085	0.7594404627122522	1.0100168352544718	0.9587306697321047	0.8552568174144235	0.8186112116605353	0.7788898316474406
cFA4b	0.31207387142155935	0.21322137989316892	0.29670900187647775	0.32886972988047825	0.3380604455605701	0.29668507879192624	0.34634469084875724	0.22494531617408342	0.33337742046931934	0.33042895000580724	0.0	0.18529702322085786	0.22372321313590884	0.3069298768995995	0.20764960173235814	0.31044061632639175	0.2536617099060586	0.19870304932476757	0.33557724970368613	0.3190992478618432	0.3367987944909717	0.3517412168687405	0.3446238577436982	0.3602756154938842	0.3334369706147225	0.34869699108154617	0.34382163811710464	0.3288602331302625	0.16451842565995162	0.2265094276869636	0.32931986685053827	0.3155674495645638	0.2956276345716806	0.19790850258734388	0.27872012169274385	0.2387152077363644	0.46681648732969927	0.3979766514703793	0.42269659557911116	0.3837063905664008	0.6226512769553348	0.512209748123067	0.3765666711782242	0.38706429623930744	0.6625911306888332	0.5167825639752965	0.6611613662609411	0.44643983298958956	0.7861917919129469	0.7348717473069842	0.5595670896440436	0.8309885547849456	0.930698799562758	0.6992992755467446	0.3482866300032671	0.3591897997708187	0.3073805323720068	0.393402647508421	0.9133828019712824	0.3425807708813806	0.9915204079079184	0.9181312249500291	0.38997665776791823	0.7089823998002789	0.3370327044503347	0.49259110206194634	0.8002028062876907	0.7515155385753405	0.6337498124053392	0.6761109019515369	0.5781224999990596
cFA4c	0.21104334119270368	0.1995249088779264	0.20932689251652248	0.2422221589606334	0.26036993984804957	0.2102754013678066	0.2567218943833824	0.16942759368795057	0.24837563860413886	0.2398838326744435	0.18529702322085786	0.0	0.12744095725814428	0.213584844101007	0.15282581020009317	0.20594310102822616	0.1621083518284946	0.08254530064375878	0.24785358006655406	0.22117509755729226	0.25087761137245207	0.2537996228517809	0.24747371434838256	0.2907030926656426	0.26533533798828346	0.27889495987372986	0.2538095166002152	0.24850587556409737	0.18157549412504143	0.17268536659502812	0.24415049392487598	0.23283898067168876	0.20857815433060736	0.15232319786621917	0.2014544597185128	0.13901132628670393	0.4579473304526831	0.3828985011224138	0.4599486779839507	0.36361956831848596	0.6108700444938384	0.5007873889873264	0.31560509461148095	0.326520961038159	0.6531549909703321	0.5069938593154679	0.6517081366509011	0.38861979537504615	0.77302246134376	0.7224354709452572	0.5660915036808158	0.958034342646879	1.0540116982023386	0.8217565368544703	0.2906092976546547	0.29975263049359907	0.2712265524562833	0.455106384501464	0.8832102757343449	0.4205628298778571	0.9568623978597205	0.8863000324830167	0.33752289448696166	0.7333649945649916	0.40853814001049626	0.633085595675094	0.922184629503187	0.8807225217805771	0.7644108425264879	0.7167547596590119	0.6562261927903682
cFA5a	0.1623996734466096	0.18821421004852792	0.15010635729388874	0.16717364550384897	0.20552224333526187	0.1285657443503228	0.19585545661417714	0.1144749574548807	0.18179271689862733	0.1657523873693721	0.22372321313590884	0.12744095725814428	0.0	0.12355458829980917	0.06325468766666664	0.13245567139381467	0.10315964232850378	0.10328240301482884	0.2010289535931021	0.14831378020529076	0.18012956545679634	0.21610995930390803	0.1891318834494271	0.25273536966283006	0.219552232031461	0.23899898719397128	0.17978916188820532	0.15774840276781857	0.18162833404974268	0.13609794032273878	0.17922992342138094	0.15304659047372424	0.1423017083412344	0.11282564395109784	0.20424101876749803	0.11029367679859088	0.4344696695342354	0.35908605508851305	0.4876585023219865	0.3833659212514694	0.6313435843971826	0.5206805674877119	0.26133408822607157	0.2795980585385156	0.6799711557431553	0.5315566718351042	0.674485885836462	0.3436206871919788	0.7488429621600187	0.7527461683581589	0.5921959918150761	0.9790496483475002	1.0781790575392607	0.8564047921946925	0.23993040956069098	0.25766329870612237	0.212222752406868	0.4766675848731661	0.8600301831656196	0.43767079847507756	0.9436683816500641	0.8661424686832622	0.2959362375684667	0.7563297581389586	0.4354452532089583	0.6686221583520943	0.9435317278409951	0.8986467135231766	0.7860751178123124	0.734558206189393	0.6880775533473525
cFA5b	0.18183777398222462	0.2506876731852043	0.1208341804240006	0.09150545762326294	0.12395536165393929	0.07569436661196086	0.12596438266303597	0.1275300463349024	0.11012966093320978	0.08959017770495366	0.3069298768995995	0.213584844101007	0.12355458829980917	0.0	0.1469549551561241	0.07076566592065377	0.0729669095809225	0.16267658776491223	0.15396751496104133	0.07213363685921012	0.09302641327555465	0.1410847693126931	0.11274138303385296	0.20880022956211286	0.1411300371293238	0.22253524343092373	0.1000967837369761	0.09057822718258418	0.2362912646450564	0.16041162294248495	0.1209204990994988	0.0753454883808743	0.09390166129184434	0.18098477807141364	0.19770301671116447	0.14204766263591823	0.4957821256398337	0.40831107502026676	0.5619920880325734	0.40910640868467607	0.659644156038713	0.5533359592633972	0.22761729612391945	0.26321958821669705	0.7288118000081683	0.5627143231138344	0.7042845847043779	0.32508057615398656	0.7750564671850606	0.7974668851781374	0.6641811713835633	1.0412362514847087	1.1351602449178737	0.927620001671654	0.19318004706848693	0.19394348449230014	0.23149134030588425	0.5182402038711909	0.8516001571023731	0.5013953623646185	0.9281720791637812	0.8483545377406327	0.3059462440914918	0.829647945049919	0.5088199164379386	0.7380322078855059	1.0007120965708927	0.9547358188940804	0.8493389862637195	0.801442749559869	0.7605685814801912
cFA5c	0.16907508687616687	0.16298676685749894	0.16367712494821873	0.18016047436418128	0.20806580453912416	0.14175902433891893	0.20615807027061206	0.0971458698388855	0.1930883565641362	0.18491528168523205	0.20764960173235814	0.15282581020009317	0.06325468766666664	0.1469549551561241	0.0	0.15270573285261899	0.12080549563936926	0.13616913250080756	0.20865411344344725	0.16099736492441938	0.1837313855908978	0.22112672678202638	0.19382368479439865	0.2599449415020523	0.23146838520222018	0.25443471478551016	0.19076750681691418	0.1789693189812407	0.15602918255547563	0.13170930025509084	0.18224875244528327	0.15460652775192607	0.15710344416083474	0.09012594183656399	0.21394882163734977	0.11463581096241608	0.41648514822589033	0.34533160795792905	0.46776904237358236	0.3989770801658691	0.6378985051725798	0.538505486748425	0.2637426437466821	0.2814071355128457	0.6865737909637295	0.5354920243259456	0.6808763018914449	0.3409309464498873	0.7414710119806665	0.7628903969901346	0.5809115932278631	0.9498464391231657	1.0472349454095036	0.8274515303808534	0.23203573603511346	0.2603133956411775	0.18972484216959926	0.4630673529755878	0.8608059010818632	0.4137956748703977	0.9440647201084787	0.8695817078456408	0.2898094855797823	0.7305633742621991	0.40981428557743066	0.6428519206311243	0.9147710141108337	0.8692254983671303	0.7478059938740729	0.7094936773987521	0.663241505836046
cFA6a	0.19417785939700288	0.25568324023307615	0.14326021293030924	0.12563463326982188	0.16149502446806255	0.0771266445426865	0.1496900428523362	0.14329946195006327	0.12707052662614762	0.11042320883953213	0.31044061632639175	0.20594310102822616	0.13245567139381467	0.07076566592065377	0.15270573285261899	0.0	0.07621852372023252	0.16622625063608817	0.1775821655242028	0.09089326137092418	0.07516603201218663	0.1541359904955814	0.13215747279239476	0.2328985287716075	0.17404480866445518	0.2343724759690919	0.11793877857985295	0.11002823441842569	0.24246347306437138	0.15924431707223283	0.14164240578042947	0.08096859020598662	0.1052642538477774	0.16720044086599048	0.20895006122607662	0.13832196260259594	0.5092755587550345	0.4239736106648962	0.560645650873456	0.4388296791600923	0.6801141780519836	0.5754535301430326	0.2532943612636067	0.284587990220268	0.7276287406086434	0.5744144749422176	0.7165821575111273	0.33735218471014894	0.7715340287428005	0.7971400481700023	0.6638145013066943	1.0350393676296903	1.1236458762319537	0.9239402290727144	0.20546487395300278	0.20090904522431471	0.23315993092389087	0.5133720470424346	0.8523723110286968	0.4926028582088049	0.9264283151615504	0.8537115930251852	0.30502567373795725	0.8235511598586677	0.5069840235017545	0.7326423236849129	0.9894178638229972	0.9475455453597386	0.8381065133021793	0.7991145897360102	0.7554964743303143
cFA6b	0.156854072453472	0.21983089270234332	0.11478753890790973	0.12257843318676759	0.15955563628522693	0.09023104273140317	0.1439408008470841	0.11512493963519625	0.12410355983184439	0.11705213883048161	0.2536617099060586	0.1621083518284946	0.10315964232850378	0.0729669095809225	0.12080549563936926	0.07621852372023252	0.0	0.11105094670685027	0.16551228345296332	0.10072844550278738	0.11302031912632693	0.16226113539095335	0.13884717301990207	0.2179232252212698	0.1691003358006332	0.22287930375124496	0.11555399275407888	0.11692996861884897	0.22312846985247548	0.13797754048966174	0.12465720826814378	0.08771443010015809	0.09133570442866286	0.13641224645787633	0.1744325279718056	0.09156416747385522	0.48181492177761376	0.39275209117017285	0.5364070643835681	0.39863185419569935	0.6517269952280333	0.5455909717467885	0.23088250120604586	0.25903531309436245	0.7076743755007074	0.5468562079734676	0.692402985349561	0.32349440993621875	0.7589342795842227	0.7719425366118076	0.6435035185237126	1.0138636505949696	1.1106909540127097	0.9024305815702724	0.19751235328441646	0.20043378677008794	0.21815814950301549	0.49720091179124015	0.8477337808388203	0.478330916913149	0.9198408669425876	0.8449220407221827	0.2907002917641057	0.8039504355699445	0.48192559484488934	0.7119875238131078	0.9785114221267862	0.9360707548478093	0.8241644844282623	0.7754774314204061	0.7343158443705935
cFA6c	0.18779882184531538	0.20982318996442503	0.15725542818719473	0.1913161114252268	0.21449104929967605	0.17709298086944042	0.21019447369614497	0.14820078718465926	0.20176938498952035	0.1949362583901242	0.19870304932476757	0.08254530064375878	0.10328240301482884	0.16267658776491223	0.13616913250080756	0.16622625063608817	0.11105094670685027	0.0	0.203877142066681	0.19043157079795642	0.20317202439474752	0.21926559363625747	0.20197792602383577	0.25948549515971103	0.2228387377476475	0.23815890831295888	0.20388683343293262	0.1964143568397672	0.190655053683686	0.16136558876791174	0.19267906438680427	0.18063295344738958	0.15357527650432795	0.151656399269879	0.14974861787178856	0.08910165575865292	0.45396762590331513	0.3717651946640461	0.48633649816913355	0.3548479620522342	0.6054576424154974	0.497386733944652	0.27160463158085857	0.28286433848578946	0.6531937601011422	0.5036699930052926	0.6479891555425582	0.3453044571195242	0.75553727439745	0.7260218420180538	0.5907036812161353	0.9790583867186995	1.0740751664236765	0.8529799719185922	0.253156923658201	0.2614656255699739	0.24878723002690276	0.4634505876405336	0.8483065329007652	0.4411326220626221	0.9245336601683012	0.847527821813558	0.3083083477555737	0.7561737004324647	0.4346789499384565	0.6627918579493649	0.9415927440512337	0.8993988781622346	0.7865642592944329	0.7287138487762108	0.685558950100165
cFT1a	0.2392124818618468	0.2716943325163989	0.15948694641483363	0.13278544570856288	0.1263684852000121	0.17285913176008877	0.1472618091625839	0.17237252506729017	0.151323437251445	0.10787711030180094	0.33557724970368613	0.24785358006655406	0.2010289535931021	0.15396751496104133	0.20865411344344725	0.1775821655242028	0.16551228345296332	0.203877142066681	0.0	0.12559691392826303	0.17007119307954094	0.10547104401735903	0.11171092234509537	0.14864881905889163	0.1254287431240051	0.11825637692176211	0.1464305347292837	0.1250119559248543	0.23876792519138654	0.16990017578307176	0.09460652750814993	0.15693797763435685	0.13219444258657084	0.21818518234349038	0.18158130884642526	0.17210547271331822	0.49732625802266284	0.3597536835221483	0.5808512848737273	0.40082840728441127	0.6507637561781241	0.5642284046801732	0.20126580458003138	0.2191580997246665	0.7529569369243215	0.5767584958536023	0.7135006442996482	0.2543136354580247	0.7750474899826437	0.8202471769625388	0.6835464644073065	1.0630255821246766	1.1425901099268485	0.9527621456801109	0.1898138416101812	0.19522693148965797	0.2332802316183853	0.5302118537293607	0.8465538089626469	0.515007840298396	0.9126179640288109	0.8333067914529918	0.30213379131861084	0.8462065098014194	0.5231321026307427	0.7610627805233822	1.0057085195457052	0.9556502550483263	0.8582407575935992	0.813896135628344	0.7775173234532279
cFT1b	0.19264555967764857	0.2467241113285271	0.13170547083613057	0.10924507010042199	0.13034421092872991	0.07473924457564174	0.12371554310197555	0.13060110632650468	0.11046151609040908	0.08553302208138404	0.3190992478618432	0.22117509755729226	0.14831378020529076	0.07213363685921012	0.16099736492441938	0.09089326137092418	0.10072844550278738	0.19043157079795642	0.12559691392826303	0.0	0.08052647629443692	0.11566408070760847	0.09294651237933921	0.16209358618494532	0.127146754252032	0.19513119722180614	0.10210426883791177	0.08118829803624235	0.211990704236583	0.1408518861891165	0.09813137228941182	0.08583565928631418	0.08552686875619604	0.1780315157175385	0.1934277473476198	0.1403884726877293	0.4878298123774575	0.3917108968910091	0.560024698531924	0.4112613390181525	0.6640455876488879	0.5565795028199705	0.22262387462095842	0.2560633318392661	0.7394860760973274	0.5738405394677771	0.7157301961890791	0.30748960813216486	0.759572049426333	0.8102046581977138	0.6633882196476412	1.038931751137438	1.1200288760309736	0.9275104224703561	0.15744454265549654	0.18116977095290193	0.2036169518983066	0.5030684476800857	0.8354784715719931	0.48387717991761625	0.927941831098676	0.8475295433010495	0.27880193220852045	0.8249104038001542	0.49813666937615064	0.732228592761287	0.9853809963639573	0.9342955540296716	0.827365515763508	0.7954351944444342	0.7546790927655586
cFT1c	0.19797067328964377	0.25929255094434484	0.161589092389076	0.0960054190361757	0.1382803442991034	0.07524938813153917	0.11031316030862531	0.15915736995342716	0.08572468352567184	0.10999638546494155	0.3367987944909717	0.25087761137245207	0.18012956545679634	0.09302641327555465	0.1837313855908978	0.07516603201218663	0.11302031912632693	0.20317202439474752	0.17007119307954094	0.08052647629443692	0.0	0.14522545959136382	0.12082640569511857	0.21794221941504155	0.14691386258511185	0.23705710668734847	0.08535304577204507	0.10898143835491561	0.25337963078561543	0.1673881639631657	0.12652235410326262	0.08268630194501446	0.0999527943105348	0.1943136878590894	0.21756702388995006	0.16538024379189986	0.5253386031954683	0.4359686074959723	0.5760173254883681	0.4448555008575824	0.6971096085670625	0.5836965837815605	0.2544999980057734	0.28977716749191035	0.7489998405903722	0.5871635630528385	0.7327029188804637	0.32808878835512745	0.782625409976158	0.8144354196909197	0.6856206644505447	1.0549059805560048	1.1372898591633807	0.9426059822023077	0.19676555592053593	0.1513611967824418	0.23636321688152426	0.5268140008718819	0.8554163219520028	0.506162676916752	0.9236805553462364	0.8527417717221557	0.3103222431456004	0.8421589768757367	0.5218569294106647	0.7481217538416673	1.0038946520287395	0.9595359007437501	0.8465487690488743	0.8165631473773416	0.7719227208417304
cFT2a	0.24595737226724834	0.2782140681262066	0.15472957511387633	0.1004790861120654	0.0849493564567768	0.14353396892229336	0.07942449378196469	0.1616177517682638	0.10354405417581514	0.08448146822529576	0.3517412168687405	0.2537996228517809	0.21610995930390803	0.1410847693126931	0.22112672678202638	0.1541359904955814	0.16226113539095335	0.21926559363625747	0.10547104401735903	0.11566408070760847	0.14522545959136382	0.0	0.05015454185501672	0.13875871741895146	0.06648402665400611	0.1844140714742824	0.09580532974394754	0.10078753664937096	0.24376509378464906	0.1719579982837283	0.08939193861981955	0.1273198981838494	0.11541610746250541	0.22280380694288632	0.18209985943621942	0.17904496786521412	0.5089288008185612	0.39551592420849235	0.5889327762741485	0.40124993600848324	0.6512589586743134	0.5603329862859776	0.20670097105248764	0.24112103938148105	0.7573938637104698	0.5801600888307381	0.7189825287349334	0.27237569142562307	0.7842206413435794	0.8247958293411067	0.6936938080189263	1.0685012261587354	1.1472333621270445	0.9585101604514606	0.16857534909418506	0.15722116027166116	0.23161676993962776	0.5380254967114564	0.8547050672459837	0.5210894405871564	0.9188723943656354	0.8382496135567624	0.30817137347756673	0.8549780053836575	0.5297739473825226	0.7659793730089288	1.0143232290806021	0.9663294236060209	0.8640090269962412	0.8222026202535638	0.7875949739616563
cFT2b	0.21627931112812082	0.27059148873678746	0.13000477366715227	0.07517726035960051	0.0845339805373941	0.12140179341537037	0.07533541756911975	0.1421779703817815	0.08178659425879621	0.06516402904165934	0.3446238577436982	0.24747371434838256	0.1891318834494271	0.11274138303385296	0.19382368479439865	0.13215747279239476	0.13884717301990207	0.20197792602383577	0.11171092234509537	0.09294651237933921	0.12082640569511857	0.05015454185501672	0.0	0.1447711017544656	0.073268801036303	0.18767139450783332	0.07292981255290315	0.07534993140209041	0.2281582353967339	0.16444723271514067	0.08470528605246697	0.10041990601179826	0.09449951260392492	0.20836041580223857	0.18312409330331542	0.1568757502106059	0.504454043981877	0.4040315268599193	0.5815260633224564	0.40620398358524495	0.6627769548096786	0.5591117586796239	0.2109735897216223	0.24774367735098918	0.7517693534112492	0.5787696804352931	0.7210884066431209	0.2836310384037426	0.7796382538609151	0.8183868890657826	0.686256384630489	1.0597747699025875	1.142373368170845	0.9501567962175943	0.16799806141972493	0.15569829378014427	0.2259563747196914	0.5284867399489452	0.8482956160204688	0.5111652878377797	0.915631432103071	0.8368823285069266	0.3009403737056081	0.8479835640033214	0.5226284297502101	0.758279615879254	1.009715215805398	0.9589669984679925	0.8539686758978206	0.8169528922597884	0.7764770907883087
cFT2c	0.2900244480818923	0.25565095629531287	0.20395979231620223	0.1759439095495661	0.16144108664196308	0.2109718562203101	0.19185619236585844	0.191383167771131	0.18810162673695324	0.16730228182871595	0.3602756154938842	0.2907030926656426	0.25273536966283006	0.20880022956211286	0.2599449415020523	0.2328985287716075	0.2179232252212698	0.25948549515971103	0.14864881905889163	0.16209358618494532	0.21794221941504155	0.13875871741895146	0.1447711017544656	0.0	0.14533624156395408	0.1667857692175082	0.19337116061454607	0.1712496831686985	0.2691861392921624	0.20033155757518303	0.15106880797327818	0.21334659051516155	0.17586488249892834	0.2678525964030829	0.2169789492840913	0.21790607946548549	0.4595764104556604	0.32781566300470566	0.5425166130690207	0.36273685348632134	0.6205951851792977	0.5287795367047388	0.14638306446155108	0.17990020550437152	0.7246850493815296	0.5544069746874235	0.693796537004538	0.2314992642904703	0.7421523820516531	0.7960692406298955	0.6510615451139168	1.0270009212277194	1.1100031282285892	0.9161911944679082	0.12802931501885403	0.16907094411911203	0.18719854742040648	0.49025685360499666	0.8132775745453876	0.4724874612855819	0.9038458829941423	0.8221755332341159	0.250271091746416	0.8127581815963687	0.48066883456225534	0.7224816747042111	0.9741911635229266	0.919774470151032	0.815156907508515	0.777800911867678	0.7385129378482473
cFT3a	0.2493310528541376	0.2591909628563311	0.15643055763292982	0.09319432701273155	0.06938694607604202	0.14253881875582505	0.06691526414524539	0.15406655504691705	0.08769127366099802	0.087004235949017	0.3334369706147225	0.26533533798828346	0.219552232031461	0.1411300371293238	0.23146838520222018	0.17404480866445518	0.1691003358006332	0.2228387377476475	0.1254287431240051	0.127146754252032	0.14691386258511185	0.06648402665400611	0.073268801036303	0.14533624156395408	0.0	0.17936029337010484	0.08230077724918299	0.09192435893099127	0.24498674356561906	0.16942762125510996	0.10126990662671786	0.13230827027845435	0.11103102197025129	0.23415722916633575	0.18059331645797064	0.19069475203090655	0.5040835714891092	0.40462109728532925	0.5789123640032969	0.4026331198300706	0.6686458601605061	0.5594366494941079	0.21044821413941775	0.2489183933833835	0.7535533774537859	0.5744025394744792	0.7208862397334478	0.2820428438717201	0.781818261932189	0.8208405595396127	0.6902717667342789	1.062077407636529	1.1448570539826894	0.949719783330842	0.16595010924702278	0.1362093967724307	0.22376209190971497	0.5329608094036429	0.8547530069962974	0.5157092172689154	0.9172472790558133	0.83531581446185	0.301759111701951	0.8516301720558894	0.5224141115905335	0.7610617339947984	1.013211043749919	0.9630722971223804	0.8561735571365856	0.820181486092957	0.780949994117947
cFT3b	0.2999475822481414	0.2768059541151294	0.21023762040984115	0.20819616862580712	0.18572660784526973	0.22648682459939423	0.22141341153968616	0.23646750069790126	0.22737589457800142	0.18441523059614623	0.34869699108154617	0.27889495987372986	0.23899898719397128	0.22253524343092373	0.25443471478551016	0.2343724759690919	0.22287930375124496	0.23815890831295888	0.11825637692176211	0.19513119722180614	0.23705710668734847	0.1844140714742824	0.18767139450783332	0.1667857692175082	0.17936029337010484	0.0	0.21594781833137544	0.18608222353444293	0.27212550728921014	0.22392671462090505	0.1609425298002173	0.22911733761847883	0.18085382958904528	0.2705584578609045	0.193938160672322	0.21663944008578861	0.4646634911602941	0.31902987204109745	0.5424612298520946	0.3923888831097655	0.6269530715101447	0.5493266827817009	0.2015757771639117	0.2067571565763466	0.7163635604522591	0.5463195327517694	0.6888306986067071	0.22564446246842493	0.7375522935487183	0.8135126351287	0.6442327417656644	1.0222308782159302	1.1058768790026976	0.9312916465706411	0.19635915995120654	0.22512069760224504	0.22139284257988717	0.4914093710626859	0.8124132555052813	0.4862308686924821	0.8923954769362604	0.8095330329787137	0.26748588319555083	0.8073285484829391	0.47829533755291986	0.7516430496915878	0.9721664888110492	0.920827444679336	0.8233808310892791	0.7738221037987151	0.7378763714361136
cFT3c	0.20450837793261595	0.2687135025827354	0.15114128967621737	0.06592727659197868	0.09685880902428308	0.09399329829647114	0.04901817443931694	0.14364769586969678	0.04491463712094323	0.079002626455146	0.34382163811710464	0.2538095166002152	0.17978916188820532	0.1000967837369761	0.19076750681691418	0.11793877857985295	0.11555399275407888	0.20388683343293262	0.1464305347292837	0.10210426883791177	0.08535304577204507	0.09580532974394754	0.07292981255290315	0.19337116061454607	0.08230077724918299	0.21594781833137544	0.0	0.07449796970786055	0.24243265066254477	0.15820978071226272	0.11116437386544863	0.0923016727096725	0.09890535727791104	0.2014380927945437	0.20144007291322236	0.1648932186783289	0.5227949478756432	0.43203372853727107	0.5830978462637445	0.43184043844219583	0.6958855797523142	0.581701937725243	0.24147424229153633	0.2793308559349429	0.7565604697693564	0.5842725945744227	0.7356529874049832	0.311668274449949	0.7871545758350231	0.8210365270326161	0.6956620533690432	1.0621482739935122	1.1463808015236137	0.9496957554692285	0.19562869027003424	0.13684252249958795	0.23770452546828902	0.5335537601656086	0.8642097496828497	0.5172550169903039	0.923322611953174	0.848374248512026	0.3176614385850112	0.8529391807998592	0.5280072989974224	0.7603666662371927	1.016955304144045	0.9716571554396881	0.8575032203293295	0.822018427464506	0.7823714703517856
cFT4a	0.20120130461538688	0.268030481627604	0.12947892146927123	0.0840106468302825	0.10432268068991185	0.10811120806074405	0.09691867627300266	0.13591504194627219	0.08833890595990629	0.05702907606282941	0.3288602331302625	0.24850587556409737	0.15774840276781857	0.09057822718258418	0.1789693189812407	0.11002823441842569	0.11692996861884897	0.1964143568397672	0.1250119559248543	0.08118829803624235	0.10898143835491561	0.10078753664937096	0.07534993140209041	0.1712496831686985	0.09192435893099127	0.18608222353444293	0.07449796970786055	0.0	0.22385280615882486	0.14254349495109353	0.09792578006524211	0.096174314319579	0.08253342326481282	0.19898183512934703	0.185497229931375	0.15385809909772116	0.4905766046359025	0.40044365395933373	0.5639655395494442	0.4079930280040768	0.6656299100756464	0.5597308610586719	0.22020890177516675	0.2559345692621953	0.7389742960782337	0.5692764075430508	0.7126694586658512	0.29151609208436485	0.7657894903390358	0.8093404142412559	0.6739098756205364	1.046591605370494	1.1299503761906682	0.9348039371688809	0.16795392508058857	0.16894341523967735	0.2157125372137094	0.5148493997557919	0.8377660256739771	0.49692379531352104	0.9125103496240229	0.8328447870297283	0.28848286633612674	0.8350967443271222	0.5083741769170655	0.744190219455033	0.9957483982076558	0.9427026571641507	0.838452713799252	0.8046413996019188	0.7644256106107253
cFT4b	0.24532838387773076	0.1821188008875568	0.22251712818265174	0.23914941006521645	0.24300538565487284	0.21950116477426737	0.2443273264160061	0.1598734370927693	0.25065276566185146	0.24217922087808708	0.16451842565995162	0.18157549412504143	0.18162833404974268	0.2362912646450564	0.15602918255547563	0.24246347306437138	0.22312846985247548	0.190655053683686	0.23876792519138654	0.211990704236583	0.25337963078561543	0.24376509378464906	0.2281582353967339	0.2691861392921624	0.24498674356561906	0.27212550728921014	0.24243265066254477	0.22385280615882486	0.0	0.12557904323008112	0.23713727540871313	0.2363907356226191	0.214627202827959	0.12849472296880426	0.21735723993552905	0.1724972599027527	0.44492768292220813	0.3694282883481925	0.44550165372699124	0.3737149525449206	0.6275134262460933	0.5183225243589199	0.3032126513288993	0.3142454164620652	0.6763365785008133	0.5229297444804817	0.6705466989988343	0.36554503212334577	0.7564990445963367	0.7492659163343933	0.573247689082564	0.8701916493055794	0.9581073294766765	0.7526087590108228	0.2622529912828445	0.2874312390351523	0.21838745834799608	0.36901770426138547	0.870888365818813	0.32108021440788115	0.9606260803399658	0.8863878509976262	0.3206028599562274	0.7048235474609698	0.3312163045598408	0.5595559873491385	0.8264611862978766	0.7789076323300803	0.6566496997023913	0.6730155965861315	0.6126531870276296
cFT4c	0.1779213067402007	0.1630309117451622	0.14454530611437916	0.15374894247360163	0.17370174337941802	0.13844184918283017	0.16697592841075576	0.10256933390204047	0.16109978392066188	0.1504022041528198	0.2265094276869636	0.17268536659502812	0.13609794032273878	0.16041162294248495	0.13170930025509084	0.15924431707223283	0.13797754048966174	0.16136558876791174	0.16990017578307176	0.1408518861891165	0.1673881639631657	0.1719579982837283	0.16444723271514067	0.20033155757518303	0.16942762125510996	0.22392671462090505	0.15820978071226272	0.14254349495109353	0.12557904323008112	0.0	0.16291633021313867	0.17066697418193075	0.13191741185598596	0.11019831874602645	0.19229732839273955	0.13680101298467912	0.4343161592603981	0.3594438134823014	0.47914437818241884	0.39153821243270803	0.6508111755809799	0.536237319328229	0.24112738773024767	0.2708722215921017	0.6937555075457482	0.5379313221224378	0.6882907448595016	0.3240503219435925	0.7486122727145618	0.7634496216788083	0.6139675997434504	0.9491947756017747	1.037155685966063	0.8378317973290685	0.19345329370301928	0.20618455727007584	0.16117828126623374	0.4218321842980605	0.8518498829036456	0.39371100424848904	0.9329210299760036	0.861738195154959	0.2706647918264815	0.7468292111705246	0.4060697411897143	0.646374548665781	0.9045354807076822	0.8571748154858003	0.7380762951432633	0.7157700518162233	0.6689045542527139
cFT5a	0.2141501728835242	0.24893975750775846	0.13036557813770788	0.09075165229835559	0.09497598844848623	0.12341788651184396	0.10424837468371709	0.144898855838201	0.11397770260815968	0.07469350947563917	0.32931986685053827	0.24415049392487598	0.17922992342138094	0.1209204990994988	0.18224875244528327	0.14164240578042947	0.12465720826814378	0.19267906438680427	0.09460652750814993	0.09813137228941182	0.12652235410326262	0.08939193861981955	0.08470528605246697	0.15106880797327818	0.10126990662671786	0.1609425298002173	0.11116437386544863	0.09792578006524211	0.23713727540871313	0.16291633021313867	0.0	0.09998918696435999	0.07110702846710779	0.19033106449366166	0.17033609228608554	0.1439018518333902	0.4978021214378452	0.3786140173260187	0.5732171842885134	0.387262703451596	0.6403650376237489	0.5498167376108742	0.19103554851665377	0.2227319758807111	0.7437779614686916	0.5674300109536823	0.7085972756072524	0.25815463198500055	0.7736229213704889	0.8114565061926069	0.6773082107670281	1.0535571702345135	1.1343022798004674	0.9431641751147354	0.1584525207616377	0.1589425304993434	0.21882228040073332	0.5223308787008345	0.8407019860915486	0.507118214821348	0.909410863236616	0.8281474413097255	0.29343199136043346	0.8415772699519384	0.512254462552537	0.7529418129849718	1.0027777701895149	0.9532653816230268	0.8504511696875576	0.8078607545209446	0.7716834363920506
cFT5b	0.1872671825882948	0.26054625498257644	0.13894208497156132	0.10045089315958673	0.12783012783673928	0.07935593904787609	0.11429878160521315	0.14506664694105031	0.1054136976032657	0.09556389447963652	0.3155674495645638	0.23283898067168876	0.15304659047372424	0.0753454883808743	0.15460652775192607	0.08096859020598662	0.08771443010015809	0.18063295344738958	0.15693797763435685	0.08583565928631418	0.08268630194501446	0.1273198981838494	0.10041990601179826	0.21334659051516155	0.13230827027845435	0.22911733761847883	0.0923016727096725	0.096174314319579	0.2363907356226191	0.17066697418193075	0.09998918696435999	0.0	0.08643417607395514	0.16985378491604838	0.18847965111326997	0.12014331222954103	0.5016934688554135	0.4119946657441666	0.5657730636951365	0.41251564159332305	0.6655960287949483	0.5562363537778378	0.21718640979531478	0.2541874363415216	0.7322239747687632	0.5622774425983978	0.709076415144882	0.3024583920510836	0.7739157434019363	0.7981385737023527	0.6693830903748356	1.0416629919347493	1.130272362876956	0.9303183400100623	0.1726395579286381	0.16167801040133528	0.22277644925982104	0.5140112371592775	0.8421205380636666	0.49756777971795785	0.9100504629830497	0.8319189276687597	0.29661501307472365	0.8319405482419328	0.5079903426708816	0.7392143436228562	0.9977487301478491	0.9540107367788636	0.8449201795152446	0.8030927212555959	0.7627665511789202
cFT5c	0.18607301069212054	0.2173413098558869	0.11130079432981257	0.07895138432786346	0.1046141701635364	0.08062414130919712	0.10197483634345755	0.12089489596785014	0.10357305344236784	0.07451675049586409	0.2956276345716806	0.20857815433060736	0.1423017083412344	0.09390166129184434	0.15710344416083474	0.1052642538477774	0.09133570442866286	0.15357527650432795	0.13219444258657084	0.08552686875619604	0.0999527943105348	0.11541610746250541	0.09449951260392492	0.17586488249892834	0.11103102197025129	0.18085382958904528	0.09890535727791104	0.08253342326481282	0.214627202827959	0.13191741185598596	0.07110702846710779	0.08643417607395514	0.0	0.1623197929719197	0.16292794058512539	0.11913083822818801	0.4834434011836641	0.38812556381092256	0.5527735695936526	0.4027231127257789	0.6659499599145366	0.5551536030796342	0.2182102259107723	0.25224085114121003	0.723804435808886	0.565157211482693	0.7127825766526326	0.2949782244317773	0.7561780182986118	0.7957503725160635	0.6602242769664741	1.03223385113291	1.1161645489996044	0.9209865809283915	0.15914821041566146	0.16112634647414825	0.1989172417617707	0.5074661847045343	0.8362757539001617	0.48475696603586754	0.9154730642561186	0.8379659881664073	0.2845654437377915	0.8218828106939983	0.4920367448046582	0.730221144815649	0.9865642424589045	0.9388032342741267	0.8284614778081667	0.7894031847931718	0.7530520325888534
cFT6a	0.182029086902224	0.1558584479540291	0.18829915705343392	0.19461429819353857	0.2245797036139642	0.15424365896676767	0.21050485086031923	0.11270081296004286	0.19482185444663092	0.196574544978992	0.19790850258734388	0.15232319786621917	0.11282564395109784	0.18098477807141364	0.09012594183656399	0.16720044086599048	0.13641224645787633	0.151656399269879	0.21818518234349038	0.1780315157175385	0.1943136878590894	0.22280380694288632	0.20836041580223857	0.2678525964030829	0.23415722916633575	0.2705584578609045	0.2014380927945437	0.19898183512934703	0.12849472296880426	0.11019831874602645	0.19033106449366166	0.16985378491604838	0.1623197929719197	0.0	0.20616372272914962	0.10544108574427531	0.4504711690454151	0.373828735297276	0.46730009389617155	0.40805950167081106	0.6520955386438128	0.5480375115143574	0.2852467553240127	0.3024535679015472	0.6914466338283647	0.5418797688985144	0.688251808897879	0.35983711770570875	0.7601369178526806	0.7636574999991235	0.5987150007185849	0.9292956017655594	1.0222441033718261	0.8159347296619279	0.2450066859128497	0.2613521279776621	0.20551025571014644	0.44316691620798215	0.8748246172999697	0.40262770439718554	0.9505573067065962	0.8782044554097319	0.3077786266634906	0.7220012887511927	0.4087380635866053	0.6260749184307967	0.8904205178647084	0.8504230496325621	0.732080672277959	0.6946158701762701	0.6494120626657447
cFT6b	0.2665601643355261	0.257205242700371	0.20091414782566563	0.19057034320489313	0.17795820555863812	0.20666658622857167	0.20114547058036802	0.19289685178790705	0.19703966003916304	0.17627144938267647	0.27872012169274385	0.2014544597185128	0.20424101876749803	0.19770301671116447	0.21394882163734977	0.20895006122607662	0.1744325279718056	0.14974861787178856	0.18158130884642526	0.1934277473476198	0.21756702388995006	0.18209985943621942	0.18312409330331542	0.2169789492840913	0.18059331645797064	0.193938160672322	0.20144007291322236	0.185497229931375	0.21735723993552905	0.19229732839273955	0.17033609228608554	0.18847965111326997	0.16292794058512539	0.20616372272914962	0.0	0.12921753116709483	0.426475889769965	0.3426233699739253	0.498868273471925	0.3879230951895117	0.6111176333201342	0.5279003267178448	0.25323733393484626	0.26694240905197936	0.6816806141845684	0.4987672065879846	0.639797451501045	0.24959550405798914	0.7119262742503569	0.7780869144953453	0.5933909317310544	0.9929525199797886	1.0629628999027392	0.9081047721025048	0.21210993759921135	0.2288435543778912	0.2249128542033575	0.44886613575141254	0.7810347391317564	0.45889639413277084	0.8615352822329692	0.7840956588619827	0.2611038269954679	0.7669156481232322	0.44371528400544835	0.722501183544225	0.9268469004540137	0.8766270333282411	0.7985596691371964	0.7326840490733909	0.6966766947190131
cFT6c	0.18190465439460915	0.20840079427918917	0.14303255322247937	0.16162348108599983	0.18355248852731978	0.1359221046943484	0.16976204659732386	0.12312675000998789	0.169610196909872	0.16026176639524384	0.2387152077363644	0.13901132628670393	0.11029367679859088	0.14204766263591823	0.11463581096241608	0.13832196260259594	0.09156416747385522	0.08910165575865292	0.17210547271331822	0.1403884726877293	0.16538024379189986	0.17904496786521412	0.1568757502106059	0.21790607946548549	0.19069475203090655	0.21663944008578861	0.1648932186783289	0.15385809909772116	0.1724972599027527	0.13680101298467912	0.1439018518333902	0.12014331222954103	0.11913083822818801	0.10544108574427531	0.12921753116709483	0.0	0.4532938930232985	0.3654218947568871	0.5091377995395865	0.3816105426650364	0.6311812540916664	0.5246091425425639	0.23146205540341014	0.24321115767117613	0.6858824606505186	0.5263475725796543	0.6747123575935148	0.30922761843052265	0.7426264869245786	0.7569726288494856	0.6139916416893302	0.9847901504134412	1.0764014247942635	0.8740323305296751	0.19836981280321409	0.22192548994580422	0.2056597849172718	0.4683601242387754	0.8273562733026605	0.4450047026471358	0.9132767503410231	0.8367015678570875	0.2744484385716926	0.7747296781673807	0.4526192017146691	0.6826235144495543	0.9442039091949552	0.9013892672081196	0.7920349492279501	0.744839577585631	0.7060993335027396
cNA1a	0.5027731619156373	0.4527672419356261	0.4580979492169107	0.5122191553261326	0.5019357847613858	0.49328766792298745	0.5263371912089669	0.4393374495273942	0.5270230151214543	0.5052142878387436	0.46681648732969927	0.4579473304526831	0.4344696695342354	0.4957821256398337	0.41648514822589033	0.5092755587550345	0.48181492177761376	0.45396762590331513	0.49732625802266284	0.4878298123774575	0.5253386031954683	0.5089288008185612	0.504454043981877	0.4595764104556604	0.5040835714891092	0.4646634911602941	0.5227949478756432	0.4905766046359025	0.44492768292220813	0.4343161592603981	0.4978021214378452	0.5016934688554135	0.4834434011836641	0.4504711690454151	0.426475889769965	0.4532938930232985	0.0	0.23274902022430558	0.3325882035170975	0.4801460719533316	0.6968715200304061	0.6011187012503194	0.41676271836831846	0.4272456190186592	0.7551714237494477	0.5387393850068772	0.588627937969542	0.37689580714569354	0.5330585931957925	0.8708511993918037	0.43407620835746474	0.9427588840451645	0.9380851476600673	0.8543841623038739	0.408508626027722	0.4771409830646009	0.3678879205322457	0.47506106576337415	0.6458693196991746	0.4896685384058668	0.7131232870155754	0.6273254969328258	0.3698036310029881	0.41978671868882483	0.41412256167894873	0.7446567322145522	0.5971451199667837	0.7292576819493964	0.7677484874709751	0.4054178201619051	0.3596034772388412
cNA1b	0.4186443887883124	0.36662636193918874	0.357760714153769	0.42015610425882216	0.40569390182513276	0.40728753904363746	0.43414471394016274	0.3550603385691327	0.4352662003454417	0.4088598281049638	0.3979766514703793	0.3828985011224138	0.35908605508851305	0.40831107502026676	0.34533160795792905	0.4239736106648962	0.39275209117017285	0.3717651946640461	0.3597536835221483	0.3917108968910091	0.4359686074959723	0.39551592420849235	0.4040315268599193	0.32781566300470566	0.40462109728532925	0.31902987204109745	0.43203372853727107	0.40044365395933373	0.3694282883481925	0.3594438134823014	0.3786140173260187	0.4119946657441666	0.38812556381092256	0.373828735297276	0.3426233699739253	0.3654218947568871	0.23274902022430558	0.0	0.31036813150163156	0.3690144921057406	0.6124659578806769	0.5336389765647556	0.2768930970967206	0.271790408183055	0.6985097253316062	0.48343381452708567	0.6123197531063633	0.25520717035548807	0.685856117887587	0.8099911774412913	0.5329658100596939	0.8812418122994449	0.9358458245898889	0.7970352430148958	0.30482322266131484	0.3804627466999948	0.284283864549481	0.4243181462932477	0.7967689599010189	0.4380324075110651	0.8849305829243598	0.7981989975032071	0.2770351178105137	0.6001702912836182	0.353504494615018	0.6866986340884094	0.7797104484509453	0.7409109427056944	0.7185157072008818	0.5513674245280475	0.5180384445202096
cNA1c	0.4819170376168771	0.40698527627958525	0.4854793561138805	0.5802370763880463	0.5774309659384975	0.5483530168461517	0.5908675670535063	0.5048441573728258	0.5855938956984073	0.5808764326449379	0.42269659557911116	0.4599486779839507	0.4876585023219865	0.5619920880325734	0.46776904237358236	0.560645650873456	0.5364070643835681	0.48633649816913355	0.5808512848737273	0.560024698531924	0.5760173254883681	0.5889327762741485	0.5815260633224564	0.5425166130690207	0.5789123640032969	0.5424612298520946	0.5830978462637445	0.5639655395494442	0.44550165372699124	0.47914437818241884	0.5732171842885134	0.5657730636951365	0.5527735695936526	0.46730009389617155	0.498868273471925	0.5091377995395865	0.3325882035170975	0.31036813150163156	0.0	0.41688591074329234	0.5530829181746668	0.4321684931142761	0.49335206415215327	0.49442227655461124	0.5770987602482356	0.3782614920432424	0.504226328272134	0.4499658300567867	0.7616015477780401	0.6860896399819986	0.39823063071631004	0.7363114674185418	0.7909940050654889	0.5909240560170246	0.4966882135586582	0.5369786839098915	0.43158062138109216	0.38134250671648695	0.8748464690478608	0.3833761707540747	0.9366364179776563	0.8676018981532707	0.42336607108428836	0.5140793376495484	0.28260505159655364	0.5479588650882147	0.6512800631387262	0.604485930523281	0.581496184705469	0.4249882273107586	0.27705033926605915
cNA2a	0.27441466452116364	0.33191483830706997	0.32873514234450174	0.4270100500161894	0.4120821335934167	0.4328398954448086	0.4305626542219356	0.41070045004467826	0.440205094660876	0.4131456631277415	0.3837063905664008	0.36361956831848596	0.3833659212514694	0.40910640868467607	0.3989770801658691	0.4388296791600923	0.39863185419569935	0.3548479620522342	0.40082840728441127	0.4112613390181525	0.4448555008575824	0.40124993600848324	0.40620398358524495	0.36273685348632134	0.4026331198300706	0.3923888831097655	0.43184043844219583	0.4079930280040768	0.3737149525449206	0.39153821243270803	0.387262703451596	0.41251564159332305	0.4027231127257789	0.40805950167081106	0.3879230951895117	0.3816105426650364	0.4801460719533316	0.3690144921057406	0.41688591074329234	0.0	0.3156550872702971	0.21124116349345184	0.2893150807438096	0.2936389923485376	0.4251582958977853	0.23733404560315896	0.3810545391370316	0.38373986219533707	0.8314776115407391	0.5056819058433203	0.3551908759529183	0.9827964907150696	1.113251945386295	0.7392142603571251	0.3365680756958529	0.3886161702514275	0.35609501648898845	0.4714981516640806	0.9089295294838343	0.45301364649349707	0.9877707667506864	0.8926925751069563	0.36760422697933803	0.7031702855707801	0.3316784747096389	0.5769012862533699	0.9717167159828807	0.9162669144359713	0.8260856718188917	0.6739177132348029	0.48217593438204176
cNA2b	0.5329360187079117	0.5978605593079069	0.5919253909314631	0.6898560102478108	0.6689736563112392	0.6928889412604559	0.6914243919821756	0.6685206466563013	0.6981538149572186	0.670534809239502	0.6226512769553348	0.6108700444938384	0.6313435843971826	0.659644156038713	0.6378985051725798	0.6801141780519836	0.6517269952280333	0.6054576424154974	0.6507637561781241	0.6640455876488879	0.6971096085670625	0.6512589586743134	0.6627769548096786	0.6205951851792977	0.6686458601605061	0.6269530715101447	0.6958855797523142	0.6656299100756464	0.6275134262460933	0.6508111755809799	0.6403650376237489	0.6655960287949483	0.6659499599145366	0.6520955386438128	0.6111176333201342	0.6311812540916664	0.6968715200304061	0.6124659578806769	0.5530829181746668	0.3156550872702971	0.0	0.15850627560256322	0.565168155673208	0.5695393458723741	0.14608558952768885	0.2631740263512887	0.22738184347944826	0.6133948265952968	0.9658897209349143	0.24106899405195892	0.3971696090407579	0.9880387536590017	1.1115981580498446	0.761782144383445	0.6003378049636777	0.6594734044971922	0.6027710144984808	0.5413159403438771	1.01228971501079	0.5174027196694316	1.096656671626263	1.0113823860596838	0.6126607012005036	0.8153465406064022	0.5007780343540704	0.6011583130764826	1.0593635120638003	0.9424405625094499	0.8745491251664864	0.8238282767675676	0.5715327199154403
cNA2c	0.41871493574855806	0.48193250605786353	0.4812585090703219	0.5808922258070259	0.567010885385697	0.576497847980451	0.5833803260376444	0.5584386802669831	0.5879597644947857	0.5673873096487827	0.512209748123067	0.5007873889873264	0.5206805674877119	0.5533359592633972	0.538505486748425	0.5754535301430326	0.5455909717467885	0.497386733944652	0.5642284046801732	0.5565795028199705	0.5836965837815605	0.5603329862859776	0.5591117586796239	0.5287795367047388	0.5594366494941079	0.5493266827817009	0.581701937725243	0.5597308610586719	0.5183225243589199	0.536237319328229	0.5498167376108742	0.5562363537778378	0.5551536030796342	0.5480375115143574	0.5279003267178448	0.5246091425425639	0.6011187012503194	0.5336389765647556	0.4321684931142761	0.21124116349345184	0.15850627560256322	0.0	0.45691223840528106	0.467453186302691	0.24990695480785863	0.1651994185388313	0.23472371109856954	0.5280376494308583	0.9048056060381484	0.32916028703739836	0.3339821001041983	0.9641562825672984	1.0933470036693063	0.7200851994301842	0.49653960621666515	0.5330060799519305	0.4966771760977006	0.4613055576794898	0.9734278071547678	0.43335329870054046	1.0527393086066705	0.9667931507286184	0.5098539454267038	0.7675953731557771	0.4019148303142132	0.5613765422463569	1.0153526492571199	0.9042705134052905	0.8066295040037018	0.7457718114366396	0.4883532583317726
cNA3a	0.28583311369843784	0.2824713844221453	0.20699654404440923	0.23907083173611038	0.22343807508061242	0.24700748365077077	0.2418593972330805	0.2521175286048489	0.2505963049570901	0.227034724329525	0.3765666711782242	0.31560509461148095	0.26133408822607157	0.22761729612391945	0.2637426437466821	0.2532943612636067	0.23088250120604586	0.27160463158085857	0.20126580458003138	0.22262387462095842	0.2544999980057734	0.20670097105248764	0.2109735897216223	0.14638306446155108	0.21044821413941775	0.2015757771639117	0.24147424229153633	0.22020890177516675	0.3032126513288993	0.24112738773024767	0.19103554851665377	0.21718640979531478	0.2182102259107723	0.2852467553240127	0.25323733393484626	0.23146205540341014	0.41676271836831846	0.2768930970967206	0.49335206415215327	0.2893150807438096	0.565168155673208	0.45691223840528106	0.0	0.08860479123217643	0.6796858612618525	0.4915074814857465	0.6380347840079867	0.1755752879476615	0.7275734182712053	0.751908815860082	0.6075402465641245	0.990888143932357	1.0976495267185646	0.8813827183216973	0.12733638377034256	0.17218857466161647	0.16360114171501136	0.4608156974401387	0.7980538362616472	0.4446841326297568	0.8790365753742727	0.7888748628002353	0.21741864442072922	0.7751732495690133	0.4359476951742286	0.6956410461836046	0.9588543306723437	0.9068375902781979	0.8086895554245569	0.7383392223888957	0.7025274980541422
cNA3b	0.30711707929115384	0.29448360811572205	0.22487823097156118	0.27506238626195145	0.2555129154496915	0.28346562815630855	0.2789487510400473	0.2832607625743563	0.28795342347095193	0.26261908607526074	0.38706429623930744	0.326520961038159	0.2795980585385156	0.26321958821669705	0.2814071355128457	0.284587990220268	0.25903531309436245	0.28286433848578946	0.2191580997246665	0.2560633318392661	0.28977716749191035	0.24112103938148105	0.24774367735098918	0.17990020550437152	0.2489183933833835	0.2067571565763466	0.2793308559349429	0.2559345692621953	0.3142454164620652	0.2708722215921017	0.2227319758807111	0.2541874363415216	0.25224085114121003	0.3024535679015472	0.26694240905197936	0.24321115767117613	0.4272456190186592	0.271790408183055	0.49442227655461124	0.2936389923485376	0.5695393458723741	0.467453186302691	0.08860479123217643	0.0	0.6803356083913419	0.48664913304468266	0.6349420719128923	0.17943186993712906	0.7415811617515294	0.7591519633793686	0.6076554597367725	1.0006464571371692	1.1150802180836912	0.8907090704775086	0.1654868766966388	0.2224919940261968	0.19424522169877248	0.4649072307312859	0.8156193555125649	0.4518563486881943	0.8951410540810294	0.7966532797428562	0.22271363322580207	0.779575716002448	0.43310484037175234	0.7017404609756572	0.9715182380013463	0.9133685949984988	0.8196845538980869	0.7375947840150237	0.7077793996736236
cNA3c	0.5767433996180997	0.6338798431328715	0.6592067092848508	0.7500335057561037	0.7497783118831757	0.7317140736848987	0.7601548472346908	0.7160573443422098	0.7565441782546027	0.7515767858269056	0.6625911306888332	0.6531549909703321	0.6799711557431553	0.7288118000081683	0.6865737909637295	0.7276287406086434	0.7076743755007074	0.6531937601011422	0.7529569369243215	0.7394860760973274	0.7489998405903722	0.7573938637104698	0.7517693534112492	0.7246850493815296	0.7535533774537859	0.7163635604522591	0.7565604697693564	0.7389742960782337	0.6763365785008133	0.6937555075457482	0.7437779614686916	0.7322239747687632	0.723804435808886	0.6914466338283647	0.6816806141845684	0.6858824606505186	0.7551714237494477	0.6985097253316062	0.5770987602482356	0.4251582958977853	0.14608558952768885	0.24990695480785863	0.6796858612618525	0.6803356083913419	0.0	0.2974709565204748	0.2730347104216852	0.7288370630198907	0.9886902902687391	0.14981796707652992	0.41248165633379075	0.9399656005523271	1.0593943862880997	0.7335268415177658	0.6845558866536661	0.7244904675561339	0.6598862906767781	0.5567374441583256	1.0413195860757634	0.5341059807294405	1.1103761438329312	1.0398498115207668	0.6509218016849859	0.820877816713952	0.49968965280665484	0.5567517335189491	1.0517038765406783	0.9535205135208801	0.8989079888451958	0.8393686050100237	0.5907756483308586
cNA4a	0.4214813037121369	0.4852447624588998	0.49328282861497574	0.5847436586570823	0.5752336518586496	0.5826694617958471	0.5889894036826777	0.563423984014655	0.5901607051554786	0.5809380435423409	0.5167825639752965	0.5069938593154679	0.5315566718351042	0.5627143231138344	0.5354920243259456	0.5744144749422176	0.5468562079734676	0.5036699930052926	0.5767584958536023	0.5738405394677771	0.5871635630528385	0.5801600888307381	0.5787696804352931	0.5544069746874235	0.5744025394744792	0.5463195327517694	0.5842725945744227	0.5692764075430508	0.5229297444804817	0.5379313221224378	0.5674300109536823	0.5622774425983978	0.565157211482693	0.5418797688985144	0.4987672065879846	0.5263475725796543	0.5387393850068772	0.48343381452708567	0.3782614920432424	0.23733404560315896	0.2631740263512887	0.1651994185388313	0.4915074814857465	0.48664913304468266	0.2974709565204748	0.0	0.20245597764567716	0.4795222397200995	0.8241794259765862	0.4251833858096026	0.258256407488835	0.9860826152865494	1.0540576712697554	0.7716374150596613	0.5083660863994541	0.5430763956808293	0.4894989454424954	0.4013585637476652	0.8973481937390594	0.46071434113183357	0.9688268714739823	0.8768629865411471	0.4136615690623118	0.701620935636682	0.2962428818069684	0.6226531308858889	0.9340267698467803	0.8572976084544934	0.8349299109856244	0.664395596713583	0.4427813596274036
cNA4b	0.5718472952464981	0.6370694468494411	0.6415925406870157	0.7305398303497707	0.7194733514233489	0.7317540527403448	0.7345142064001629	0.708595064787106	0.7365865989748346	0.7204716106275793	0.6611613662609411	0.6517081366509011	0.674485885836462	0.7042845847043779	0.6808763018914449	0.7165821575111273	0.692402985349561	0.6479891555425582	0.7135006442996482	0.7157301961890791	0.7327029188804637	0.7189825287349334	0.7210884066431209	0.693796537004538	0.7208862397334478	0.6888306986067071	0.7356529874049832	0.7126694586658512	0.6705466989988343	0.6882907448595016	0.7085972756072524	0.709076415144882	0.7127825766526326	0.688251808897879	0.639797451501045	0.6747123575935148	0.588627937969542	0.6123197531063633	0.504226328272134	0.3810545391370316	0.22738184347944826	0.23472371109856954	0.6380347840079867	0.6349420719128923	0.2730347104216852	0.20245597764567716	0.0	0.6020542069619054	0.7940033199142236	0.4007665019325967	0.22395423004208648	1.0382578192904146	1.0100620718747404	0.8326643738397489	0.6538187456968948	0.6961485702324925	0.6409453182591236	0.47618561683639954	0.8363839725453688	0.5594580701661109	0.9149283417841569	0.8172040488150952	0.5731466301489672	0.6809232253429591	0.43905014857608265	0.6681718638617739	0.8796127044853562	0.8038864823108043	0.9408957579699833	0.6433597405871441	0.44705171839491864
cNA4c	0.3898769136562614	0.37872041852025684	0.3076405752636806	0.3078140986086024	0.2850031894300473	0.3333539800832778	0.31326330846972383	0.3436415120985139	0.3210371219103189	0.295982386963238	0.44643983298958956	0.38861979537504615	0.3436206871919788	0.32508057615398656	0.3409309464498873	0.33735218471014894	0.32349440993621875	0.3453044571195242	0.2543136354580247	0.30748960813216486	0.32808878835512745	0.27237569142562307	0.2836310384037426	0.2314992642904703	0.2820428438717201	0.22564446246842493	0.311668274449949	0.29151609208436485	0.36554503212334577	0.3240503219435925	0.25815463198500055	0.3024583920510836	0.2949782244317773	0.35983711770570875	0.24959550405798914	0.30922761843052265	0.37689580714569354	0.25520717035548807	0.4499658300567867	0.38373986219533707	0.6133948265952968	0.5280376494308583	0.1755752879476615	0.17943186993712906	0.7288370630198907	0.4795222397200995	0.6020542069619054	0.0	0.6720825396850879	0.8268649778824757	0.5587259852980545	1.035689654127957	1.0493823073623878	0.9498460028280462	0.2140232342394638	0.25131538756371874	0.2228140915574131	0.4323481469233538	0.7206498642630654	0.4846601217868264	0.8093522249518338	0.7286795112523057	0.20291912463157977	0.7424375382249282	0.4474478912450249	0.771538644010103	0.908249859430768	0.8544590009543089	0.8348074978524955	0.7056982548509054	0.6634363671582909
cNA5a	0.8190856677830691	0.7770223947320476	0.7642346922876926	0.779204002934617	0.7770230403922254	0.752833908998524	0.7896061362023368	0.7440979578932924	0.7868517020393141	0.7793589308410332	0.7861917919129469	0.77302246134376	0.7488429621600187	0.7750564671850606	0.7414710119806665	0.7715340287428005	0.7589342795842227	0.75553727439745	0.7750474899826437	0.759572049426333	0.782625409976158	0.7842206413435794	0.7796382538609151	0.7421523820516531	0.781818261932189	0.7375522935487183	0.7871545758350231	0.7657894903390358	0.7564990445963367	0.7486122727145618	0.7736229213704889	0.7739157434019363	0.7561780182986118	0.7601369178526806	0.7119262742503569	0.7426264869245786	0.5330585931957925	0.685856117887587	0.7616015477780401	0.8314776115407391	0.9658897209349143	0.9048056060381484	0.7275734182712053	0.7415811617515294	0.9886902902687391	0.8241794259765862	0.7940033199142236	0.6720825396850879	0.0	1.1084852104783112	0.6181855980318458	1.278825896752381	1.207591892082369	1.200053321365933	0.7054509847967028	0.7551773112487512	0.682180695800048	0.6977416435979107	0.24758647129608014	0.7637704215021109	0.34956655168702694	0.2864079289521835	0.649358923732614	0.39806598584851055	0.7188349996611159	1.0137505357936392	0.6326506134768587	1.027715905596598	1.1111059385894027	0.49366537605934674	0.740270051726726
cNA5b	0.6417954882015082	0.702244356589037	0.7274418877027733	0.816400563186455	0.8196011827876627	0.8016546251379084	0.8257377910608419	0.7892913064967292	0.8207030624665663	0.81914746613393	0.7348717473069842	0.7224354709452572	0.7527461683581589	0.7974668851781374	0.7628903969901346	0.7971400481700023	0.7719425366118076	0.7260218420180538	0.8202471769625388	0.8102046581977138	0.8144354196909197	0.8247958293411067	0.8183868890657826	0.7960692406298955	0.8208405595396127	0.8135126351287	0.8210365270326161	0.8093404142412559	0.7492659163343933	0.7634496216788083	0.8114565061926069	0.7981385737023527	0.7957503725160635	0.7636574999991235	0.7780869144953453	0.7569726288494856	0.8708511993918037	0.8099911774412913	0.6860896399819986	0.5056819058433203	0.24106899405195892	0.32916028703739836	0.751908815860082	0.7591519633793686	0.14981796707652992	0.4251833858096026	0.4007665019325967	0.8268649778824757	1.1084852104783112	0.0	0.5467672083488512	1.0495433074664018	1.170314599306484	0.805096116738395	0.7647669848222315	0.7882991651141966	0.7528507566276827	0.6811467794623247	1.1609257419089438	0.6387531399731108	1.2132266306513346	1.1621809784965909	0.7776836529416569	0.9321809664795015	0.6353482339075163	0.6021306958596948	1.171592910571304	1.0836582960991707	0.9893162867514945	0.9645118705472091	0.6979473429342128
cNA5c	0.5141720912841178	0.533251189707035	0.5935137569256727	0.688356530576373	0.6834094425346402	0.6565834854042596	0.6994025978470194	0.6129060277681462	0.6951981297648345	0.686640471500889	0.5595670896440436	0.5660915036808158	0.5921959918150761	0.6641811713835633	0.5809115932278631	0.6638145013066943	0.6435035185237126	0.5907036812161353	0.6835464644073065	0.6633882196476412	0.6856206644505447	0.6936938080189263	0.686256384630489	0.6510615451139168	0.6902717667342789	0.6442327417656644	0.6956620533690432	0.6739098756205364	0.573247689082564	0.6139675997434504	0.6773082107670281	0.6693830903748356	0.6602242769664741	0.5987150007185849	0.5933909317310544	0.6139916416893302	0.43407620835746474	0.5329658100596939	0.39823063071631004	0.3551908759529183	0.3971696090407579	0.3339821001041983	0.6075402465641245	0.6076554597367725	0.41248165633379075	0.258256407488835	0.22395423004208648	0.5587259852980545	0.6181855980318458	0.5467672083488512	0.0	0.9802241971233535	0.9558867234063031	0.7616095147324943	0.6081469481464021	0.6587512726880056	0.5560892292434196	0.42549779570591856	0.730828362033869	0.4782936638007526	0.8253433250074352	0.7441269484503618	0.5167713067003606	0.5309053116892725	0.3380979335112179	0.6056053924738524	0.7430537445767966	0.7540480307856233	0.853770461550726	0.490262984299741	0.2779198702223274
cNA6a	1.00670518694679	0.9158202363015774	0.9973900551034531	1.0568347500081479	1.0582410811560583	1.0249322970508081	1.0682614286461305	0.9800095502956742	1.0632827413006378	1.060189833588612	0.8309885547849456	0.958034342646879	0.9790496483475002	1.0412362514847087	0.9498464391231657	1.0350393676296903	1.0138636505949696	0.9790583867186995	1.0630255821246766	1.038931751137438	1.0549059805560048	1.0685012261587354	1.0597747699025875	1.0270009212277194	1.062077407636529	1.0222308782159302	1.0621482739935122	1.046591605370494	0.8701916493055794	0.9491947756017747	1.0535571702345135	1.0416629919347493	1.03223385113291	0.9292956017655594	0.9929525199797886	0.9847901504134412	0.9427588840451645	0.8812418122994449	0.7363114674185418	0.9827964907150696	0.9880387536590017	0.9641562825672984	0.990888143932357	1.0006464571371692	0.9399656005523271	0.9860826152865494	1.0382578192904146	1.035689654127957	1.278825896752381	1.0495433074664018	0.9802241971233535	0.0	0.1565086933269078	0.2817576869536957	0.9854640007200512	1.0256862800650177	0.9280278014164035	0.713181300754215	1.3639971057846143	0.639422122494427	1.438499492882357	1.3706470111716906	0.9590033358398748	1.055367510416934	0.7818594325312098	0.5331935934480143	0.7311199572618631	0.3101770944886958	0.25765954888749343	0.9559376909736416	0.8167524709423756
cNA6b	1.132226422258354	1.0424454536146377	1.1218675638025755	1.1423640379096465	1.1391811387831134	1.1106436407280598	1.1512259447344293	1.0748000839560283	1.1463596710088964	1.14301489833906	0.930698799562758	1.0540116982023386	1.0781790575392607	1.1351602449178737	1.0472349454095036	1.1236458762319537	1.1106909540127097	1.0740751664236765	1.1425901099268485	1.1200288760309736	1.1372898591633807	1.1472333621270445	1.142373368170845	1.1100031282285892	1.1448570539826894	1.1058768790026976	1.1463808015236137	1.1299503761906682	0.9581073294766765	1.037155685966063	1.1343022798004674	1.130272362876956	1.1161645489996044	1.0222441033718261	1.0629628999027392	1.0764014247942635	0.9380851476600673	0.9358458245898889	0.7909940050654889	1.113251945386295	1.1115981580498446	1.0933470036693063	1.0976495267185646	1.1150802180836912	1.0593943862880997	1.0540576712697554	1.0100620718747404	1.0493823073623878	1.207591892082369	1.170314599306484	0.9558867234063031	0.1565086933269078	0.0	0.4271242510212148	1.0731858108828987	1.1147832060691572	1.0218136208034898	0.722282219225183	1.2832560071157437	0.7467413700958732	1.3513078204346771	1.3001122628702662	1.0154034171649884	1.0609962728402518	0.8496364005767214	0.6596451800279536	0.6454656193586068	0.254671238759876	0.34550608326789034	0.9281453813318997	0.8342788692390243
cNA6c	0.7696055308134684	0.7440121434439122	0.8563848468630362	0.947056104995577	0.9476160199681686	0.9114470032519997	0.9574886923205421	0.8593676823544321	0.9519874668164253	0.9483278296558283	0.6992992755467446	0.8217565368544703	0.8564047921946925	0.927620001671654	0.8274515303808534	0.9239402290727144	0.9024305815702724	0.8529799719185922	0.9527621456801109	0.9275104224703561	0.9426059822023077	0.9585101604514606	0.9501567962175943	0.9161911944679082	0.949719783330842	0.9312916465706411	0.9496957554692285	0.9348039371688809	0.7526087590108228	0.8378317973290685	0.9431641751147354	0.9303183400100623	0.9209865809283915	0.8159347296619279	0.9081047721025048	0.8740323305296751	0.8543841623038739	0.7970352430148958	0.5909240560170246	0.7392142603571251	0.761782144383445	0.7200851994301842	0.8813827183216973	0.8907090704775086	0.7335268415177658	0.7716374150596613	0.8326643738397489	0.9498460028280462	1.200053321365933	0.805096116738395	0.7616095147324943	0.2817576869536957	0.4271242510212148	0.0	0.8799257857504523	0.9135862806162478	0.8325384617704987	0.6391964436631782	1.2966194224038416	0.5393245202122317	1.371121479534593	1.3037440717013569	0.8852766135558525	0.8972085094125767	0.6119271880308153	0.34600949425818944	0.663184595144696	0.34313272276448065	0.22351402956996713	0.8157198409280986	0.597695185898705
cNT1a	0.2744398232957372	0.25659627444644945	0.18366965206803973	0.18224806918415654	0.16436575966738376	0.18890198851642057	0.19384298760999377	0.20109647355101795	0.19726627901691948	0.17567663727382296	0.3482866300032671	0.2906092976546547	0.23993040956069098	0.19318004706848693	0.23203573603511346	0.20546487395300278	0.19751235328441646	0.253156923658201	0.1898138416101812	0.15744454265549654	0.19676555592053593	0.16857534909418506	0.16799806141972493	0.12802931501885403	0.16595010924702278	0.19635915995120654	0.19562869027003424	0.16795392508058857	0.2622529912828445	0.19345329370301928	0.1584525207616377	0.1726395579286381	0.15914821041566146	0.2450066859128497	0.21210993759921135	0.19836981280321409	0.408508626027722	0.30482322266131484	0.4966882135586582	0.3365680756958529	0.6003378049636777	0.49653960621666515	0.12733638377034256	0.1654868766966388	0.6845558866536661	0.5083660863994541	0.6538187456968948	0.2140232342394638	0.7054509847967028	0.7647669848222315	0.6081469481464021	0.9854640007200512	1.0731858108828987	0.8799257857504523	0.0	0.12031531755142963	0.11233219808163893	0.4450400984286096	0.7767687496845945	0.4312089042975248	0.8693688394870429	0.7879869234997021	0.201941512415464	0.7695754559253549	0.43669134918523345	0.6937753500747839	0.9375745659411563	0.8847809592822987	0.7780726727652187	0.7353517186851576	0.6956930508733996
cNT1b	0.27367185665623456	0.2600040765082292	0.20450542645926154	0.1373073601154725	0.1444175049762458	0.17622605018439003	0.13712216183961992	0.21146117452107227	0.13925243955369873	0.16127337991028462	0.3591897997708187	0.29975263049359907	0.25766329870612237	0.19394348449230014	0.2603133956411775	0.20090904522431471	0.20043378677008794	0.2614656255699739	0.19522693148965797	0.18116977095290193	0.1513611967824418	0.15722116027166116	0.15569829378014427	0.16907094411911203	0.1362093967724307	0.22512069760224504	0.13684252249958795	0.16894341523967735	0.2874312390351523	0.20618455727007584	0.1589425304993434	0.16167801040133528	0.16112634647414825	0.2613521279776621	0.2288435543778912	0.22192548994580422	0.4771409830646009	0.3804627466999948	0.5369786839098915	0.3886161702514275	0.6594734044971922	0.5330060799519305	0.17218857466161647	0.2224919940261968	0.7244904675561339	0.5430763956808293	0.6961485702324925	0.25131538756371874	0.7551773112487512	0.7882991651141966	0.6587512726880056	1.0256862800650177	1.1147832060691572	0.9135862806162478	0.12031531755142963	0.0	0.1628473300403656	0.49902293487791705	0.8302860081047723	0.47687414532449407	0.8871707836388578	0.8111514974528437	0.25493100708535466	0.8169308225544873	0.4915406662694741	0.7253183092080538	0.9809890473635705	0.9375109355060498	0.823222747454961	0.787598986688887	0.7382616712382809
cNT1c	0.2704963431521218	0.2248261609312064	0.20509123453962225	0.22640928324310433	0.21999774973086722	0.2089285164192624	0.2397170536019911	0.17796285360226222	0.2417928411720469	0.22929306303411798	0.3073805323720068	0.2712265524562833	0.212222752406868	0.23149134030588425	0.18972484216959926	0.23315993092389087	0.21815814950301549	0.24878723002690276	0.2332802316183853	0.2036169518983066	0.23636321688152426	0.23161676993962776	0.2259563747196914	0.18719854742040648	0.22376209190971497	0.22139284257988717	0.23770452546828902	0.2157125372137094	0.21838745834799608	0.16117828126623374	0.21882228040073332	0.22277644925982104	0.1989172417617707	0.20551025571014644	0.2249128542033575	0.2056597849172718	0.3678879205322457	0.284283864549481	0.43158062138109216	0.35609501648898845	0.6027710144984808	0.4966771760977006	0.16360114171501136	0.19424522169877248	0.6598862906767781	0.4894989454424954	0.6409453182591236	0.2228140915574131	0.682180695800048	0.7528507566276827	0.5560892292434196	0.9280278014164035	1.0218136208034898	0.8325384617704987	0.11233219808163893	0.1628473300403656	0.0	0.40186726310532095	0.7863590315341288	0.36741430699417177	0.8803145401533856	0.8032027325847615	0.18310170718270885	0.715999461164426	0.3789728247875954	0.6482735333155141	0.8851695326787077	0.8286433161426282	0.7113885408966375	0.6882730806851172	0.6355535791681418
cNT2a	0.5192090703164568	0.466060171371252	0.5017963651936234	0.5326798120637106	0.5270864131527921	0.5157972542834506	0.5407499759150448	0.4851569833932734	0.5363574370243596	0.5297066688744597	0.393402647508421	0.455106384501464	0.4766675848731661	0.5182402038711909	0.4630673529755878	0.5133720470424346	0.49720091179124015	0.4634505876405336	0.5302118537293607	0.5030684476800857	0.5268140008718819	0.5380254967114564	0.5284867399489452	0.49025685360499666	0.5329608094036429	0.4914093710626859	0.5335537601656086	0.5148493997557919	0.36901770426138547	0.4218321842980605	0.5223308787008345	0.5140112371592775	0.5074661847045343	0.44316691620798215	0.44886613575141254	0.4683601242387754	0.47506106576337415	0.4243181462932477	0.38134250671648695	0.4714981516640806	0.5413159403438771	0.4613055576794898	0.4608156974401387	0.4649072307312859	0.5567374441583256	0.4013585637476652	0.47618561683639954	0.4323481469233538	0.6977416435979107	0.6811467794623247	0.42549779570591856	0.713181300754215	0.722282219225183	0.6391964436631782	0.4450400984286096	0.49902293487791705	0.40186726310532095	0.0	0.7749235850847074	0.13222421058705117	0.8607924815299208	0.7718288517068952	0.35098801556889603	0.6584308703813813	0.2435952258234064	0.4538932947643673	0.7021067962672829	0.5315264077985198	0.5399021637035286	0.60969844324859	0.5079341576521206
cNT2b	0.9121399590593747	0.9061992476658062	0.8495915508725342	0.8603036186184354	0.8484445750735953	0.8528615409332615	0.8643325075505597	0.864839151554833	0.8672895449443033	0.853519634633259	0.9133828019712824	0.8832102757343449	0.8600301831656196	0.8516001571023731	0.8608059010818632	0.8523723110286968	0.8477337808388203	0.8483065329007652	0.8465538089626469	0.8354784715719931	0.8554163219520028	0.8547050672459837	0.8482956160204688	0.8132775745453876	0.8547530069962974	0.8124132555052813	0.8642097496828497	0.8377660256739771	0.870888365818813	0.8518498829036456	0.8407019860915486	0.8421205380636666	0.8362757539001617	0.8748246172999697	0.7810347391317564	0.8273562733026605	0.6458693196991746	0.7967689599010189	0.8748464690478608	0.9089295294838343	1.01228971501079	0.9734278071547678	0.7980538362616472	0.8156193555125649	1.0413195860757634	0.8973481937390594	0.8363839725453688	0.7206498642630654	0.24758647129608014	1.1609257419089438	0.730828362033869	1.3639971057846143	1.2832560071157437	1.2966194224038416	0.7767687496845945	0.8302860081047723	0.7863590315341288	0.7749235850847074	0.0	0.8683403337598141	0.21649197443370524	0.13544282443288094	0.7305473063130058	0.502067442421936	0.8394074198118112	1.093312025077337	0.6987019922367566	1.1129403008268481	1.2269850465938483	0.5619637305318129	0.8574264718391527
cNT2c	0.49046483764484744	0.41128140343387043	0.47541710129344383	0.5117098244989009	0.5103946581494772	0.47947216067115883	0.522780001522349	0.436385490123983	0.515921198787126	0.5127819750957004	0.3425807708813806	0.4205628298778571	0.43767079847507756	0.5013953623646185	0.4137956748703977	0.4926028582088049	0.478330916913149	0.4411326220626221	0.515007840298396	0.48387717991761625	0.506162676916752	0.5210894405871564	0.5111652878377797	0.4724874612855819	0.5157092172689154	0.4862308686924821	0.5172550169903039	0.49692379531352104	0.32108021440788115	0.39371100424848904	0.507118214821348	0.49756777971795785	0.48475696603586754	0.40262770439718554	0.45889639413277084	0.4450047026471358	0.4896685384058668	0.4380324075110651	0.3833761707540747	0.45301364649349707	0.5174027196694316	0.43335329870054046	0.4446841326297568	0.4518563486881943	0.5341059807294405	0.46071434113183357	0.5594580701661109	0.4846601217868264	0.7637704215021109	0.6387531399731108	0.4782936638007526	0.639422122494427	0.7467413700958732	0.5393245202122317	0.4312089042975248	0.47687414532449407	0.36741430699417177	0.13222421058705117	0.8683403337598141	0.0	0.9530336149489791	0.8738255357356907	0.39736163507315697	0.6758952262449219	0.26300636178362047	0.3598017968468652	0.7503395236913244	0.5624780404671667	0.4498465182921807	0.6578067551713764	0.5182507693258811
cNT3a	0.9845503354559053	0.98006813112179	0.9328028824150075	0.9213438884653318	0.9156011271413079	0.9327471600538028	0.9250286620315683	0.9492357300335849	0.9235480727280383	0.9191814017719993	0.9915204079079184	0.9568623978597205	0.9436683816500641	0.9281720791637812	0.9440647201084787	0.9264283151615504	0.9198408669425876	0.9245336601683012	0.9126179640288109	0.927941831098676	0.9236805553462364	0.9188723943656354	0.915631432103071	0.9038458829941423	0.9172472790558133	0.8923954769362604	0.923322611953174	0.9125103496240229	0.9606260803399658	0.9329210299760036	0.909410863236616	0.9100504629830497	0.9154730642561186	0.9505573067065962	0.8615352822329692	0.9132767503410231	0.7131232870155754	0.8849305829243598	0.9366364179776563	0.9877707667506864	1.096656671626263	1.0527393086066705	0.8790365753742727	0.8951410540810294	1.1103761438329312	0.9688268714739823	0.9149283417841569	0.8093522249518338	0.34956655168702694	1.2132266306513346	0.8253433250074352	1.438499492882357	1.3513078204346771	1.371121479534593	0.8693688394870429	0.8871707836388578	0.8803145401533856	0.8607924815299208	0.21649197443370524	0.9530336149489791	0.0	0.14897173416417223	0.8163147308402744	0.48835786927421726	0.9233786574530423	1.165773679153687	0.7260413181888415	1.1972406022815856	1.3021305219011108	0.6259293106551832	0.9007975353488441
cNT3b	0.9089963853677611	0.9076444406022514	0.850754847818836	0.8452205004864086	0.834170897382931	0.8579805643413833	0.848223379856585	0.8707953600325735	0.8503741382498775	0.8402095448439657	0.9181312249500291	0.8863000324830167	0.8661424686832622	0.8483545377406327	0.8695817078456408	0.8537115930251852	0.8449220407221827	0.847527821813558	0.8333067914529918	0.8475295433010495	0.8527417717221557	0.8382496135567624	0.8368823285069266	0.8221755332341159	0.83531581446185	0.8095330329787137	0.848374248512026	0.8328447870297283	0.8863878509976262	0.861738195154959	0.8281474413097255	0.8319189276687597	0.8379659881664073	0.8782044554097319	0.7840956588619827	0.8367015678570875	0.6273254969328258	0.7981989975032071	0.8676018981532707	0.8926925751069563	1.0113823860596838	0.9667931507286184	0.7888748628002353	0.7966532797428562	1.0398498115207668	0.8768629865411471	0.8172040488150952	0.7286795112523057	0.2864079289521835	1.1621809784965909	0.7441269484503618	1.3706470111716906	1.3001122628702662	1.3037440717013569	0.7879869234997021	0.8111514974528437	0.8032027325847615	0.7718288517068952	0.13544282443288094	0.8738255357356907	0.14897173416417223	0.0	0.7188557414799328	0.45402641225927004	0.8353426410162844	1.1064841545289554	0.6681573404728122	1.110723878433522	1.2406862677295065	0.5624137668505164	0.8325730156422799
cNT3c	0.3461563682876244	0.3220660176701439	0.270833769771758	0.3102574307551318	0.2995949857180471	0.3010830425068208	0.31996199726026875	0.2916716580614317	0.3187984423319359	0.3087749139175416	0.38997665776791823	0.33752289448696166	0.2959362375684667	0.3059462440914918	0.2898094855797823	0.30502567373795725	0.2907002917641057	0.3083083477555737	0.30213379131861084	0.27880193220852045	0.3103222431456004	0.30817137347756673	0.3009403737056081	0.250271091746416	0.301759111701951	0.26748588319555083	0.3176614385850112	0.28848286633612674	0.3206028599562274	0.2706647918264815	0.29343199136043346	0.29661501307472365	0.2845654437377915	0.3077786266634906	0.2611038269954679	0.2744484385716926	0.3698036310029881	0.2770351178105137	0.42336607108428836	0.36760422697933803	0.6126607012005036	0.5098539454267038	0.21741864442072922	0.22271363322580207	0.6509218016849859	0.4136615690623118	0.5731466301489672	0.20291912463157977	0.649358923732614	0.7776836529416569	0.5167713067003606	0.9590033358398748	1.0154034171649884	0.8852766135558525	0.201941512415464	0.25493100708535466	0.18310170718270885	0.35098801556889603	0.7305473063130058	0.39736163507315697	0.8163147308402744	0.7188557414799328	0.0	0.7074626185692656	0.3473291383840667	0.7042550233803512	0.8680905596143332	0.7987996237830115	0.7654257311589818	0.6609529160337104	0.6271953724952319
cNT4a	0.7155429798828155	0.6539398814373061	0.7576252998713253	0.8490126154766948	0.8470632986539973	0.8124707153358793	0.8580620452343408	0.7653347749934963	0.8526745985578322	0.8497319272075238	0.7089823998002789	0.7333649945649916	0.7563297581389586	0.829647945049919	0.7305633742621991	0.8235511598586677	0.8039504355699445	0.7561737004324647	0.8462065098014194	0.8249104038001542	0.8421589768757367	0.8549780053836575	0.8479835640033214	0.8127581815963687	0.8516301720558894	0.8073285484829391	0.8529391807998592	0.8350967443271222	0.7048235474609698	0.7468292111705246	0.8415772699519384	0.8319405482419328	0.8218828106939983	0.7220012887511927	0.7669156481232322	0.7747296781673807	0.41978671868882483	0.6001702912836182	0.5140793376495484	0.7031702855707801	0.8153465406064022	0.7675953731557771	0.7751732495690133	0.779575716002448	0.820877816713952	0.701620935636682	0.6809232253429591	0.7424375382249282	0.39806598584851055	0.9321809664795015	0.5309053116892725	1.055367510416934	1.0609962728402518	0.8972085094125767	0.7695754559253549	0.8169308225544873	0.715999461164426	0.6584308703813813	0.502067442421936	0.6758952262449219	0.48835786927421726	0.45402641225927004	0.7074626185692656	0.0	0.540888414252312	0.7637561048957842	0.4613816157405338	0.885277937238508	0.9517824629026062	0.3059799042303142	0.43211455745649036
cNT4b	0.3855416295785068	0.3357067117807574	0.4229403452388386	0.5206546474481943	0.5164368137306115	0.49063354041800095	0.5331064048833241	0.43824676298071374	0.5295185804513286	0.523833350183085	0.3370327044503347	0.40853814001049626	0.4354452532089583	0.5088199164379386	0.40981428557743066	0.5069840235017545	0.48192559484488934	0.4346789499384565	0.5231321026307427	0.49813666937615064	0.5218569294106647	0.5297739473825226	0.5226284297502101	0.48066883456225534	0.5224141115905335	0.47829533755291986	0.5280072989974224	0.5083741769170655	0.3312163045598408	0.4060697411897143	0.512254462552537	0.5079903426708816	0.4920367448046582	0.4087380635866053	0.44371528400544835	0.4526192017146691	0.41412256167894873	0.353504494615018	0.28260505159655364	0.3316784747096389	0.5007780343540704	0.4019148303142132	0.4359476951742286	0.43310484037175234	0.49968965280665484	0.2962428818069684	0.43905014857608265	0.4474478912450249	0.7188349996611159	0.6353482339075163	0.3380979335112179	0.7818594325312098	0.8496364005767214	0.6119271880308153	0.43669134918523345	0.4915406662694741	0.3789728247875954	0.2435952258234064	0.8394074198118112	0.26300636178362047	0.9233786574530423	0.8353426410162844	0.3473291383840667	0.540888414252312	0.0	0.4366632946083634	0.7330714278003846	0.6527004960046308	0.630293247156676	0.5083749585871032	0.3959291262805143
cNT4c	0.5918436456438976	0.5533357317060346	0.667271332138555	0.7568038813466299	0.7609993673704596	0.7200543522515754	0.7661494304537957	0.6684467379852195	0.7603362150851801	0.7594404627122522	0.49259110206194634	0.633085595675094	0.6686221583520943	0.7380322078855059	0.6428519206311243	0.7326423236849129	0.7119875238131078	0.6627918579493649	0.7610627805233822	0.732228592761287	0.7481217538416673	0.7659793730089288	0.758279615879254	0.7224816747042111	0.7610617339947984	0.7516430496915878	0.7603666662371927	0.744190219455033	0.5595559873491385	0.646374548665781	0.7529418129849718	0.7392143436228562	0.730221144815649	0.6260749184307967	0.722501183544225	0.6826235144495543	0.7446567322145522	0.6866986340884094	0.5479588650882147	0.5769012862533699	0.6011583130764826	0.5613765422463569	0.6956410461836046	0.7017404609756572	0.5567517335189491	0.6226531308858889	0.6681718638617739	0.771538644010103	1.0137505357936392	0.6021306958596948	0.6056053924738524	0.5331935934480143	0.6596451800279536	0.34600949425818944	0.6937753500747839	0.7253183092080538	0.6482735333155141	0.4538932947643673	1.093312025077337	0.3598017968468652	1.165773679153687	1.1064841545289554	0.7042550233803512	0.7637561048957842	0.4366632946083634	0.0	0.8496191580934076	0.6405082914369401	0.5155466089665649	0.7733567120721987	0.5838201259440152
cNT5a	1.0005701559216569	0.9127232357617521	0.9865525007303286	1.0097057982559214	1.01023611470663	0.981306746457123	1.0202050846936987	0.9392738584949203	1.0135624625911002	1.0100168352544718	0.8002028062876907	0.922184629503187	0.9435317278409951	1.0007120965708927	0.9147710141108337	0.9894178638229972	0.9785114221267862	0.9415927440512337	1.0057085195457052	0.9853809963639573	1.0038946520287395	1.0143232290806021	1.009715215805398	0.9741911635229266	1.013211043749919	0.9721664888110492	1.016955304144045	0.9957483982076558	0.8264611862978766	0.9045354807076822	1.0027777701895149	0.9977487301478491	0.9865642424589045	0.8904205178647084	0.9268469004540137	0.9442039091949552	0.5971451199667837	0.7797104484509453	0.6512800631387262	0.9717167159828807	1.0593635120638003	1.0153526492571199	0.9588543306723437	0.9715182380013463	1.0517038765406783	0.9340267698467803	0.8796127044853562	0.908249859430768	0.6326506134768587	1.171592910571304	0.7430537445767966	0.7311199572618631	0.6454656193586068	0.663184595144696	0.9375745659411563	0.9809890473635705	0.8851695326787077	0.7021067962672829	0.6987019922367566	0.7503395236913244	0.7260413181888415	0.6681573404728122	0.8680905596143332	0.4613816157405338	0.7330714278003846	0.8496191580934076	0.0	0.47966236170316684	0.5930116701565668	0.40051332484832336	0.5590264698287187
cNT5b	0.9600594682908864	0.8714720392291555	0.9386840871932383	0.963138134441629	0.9588774676796684	0.9389120806166197	0.9764487169496455	0.8947870168697891	0.9700455629857655	0.9587306697321047	0.7515155385753405	0.8807225217805771	0.8986467135231766	0.9547358188940804	0.8692254983671303	0.9475455453597386	0.9360707548478093	0.8993988781622346	0.9556502550483263	0.9342955540296716	0.9595359007437501	0.9663294236060209	0.9589669984679925	0.919774470151032	0.9630722971223804	0.920827444679336	0.9716571554396881	0.9427026571641507	0.7789076323300803	0.8571748154858003	0.9532653816230268	0.9540107367788636	0.9388032342741267	0.8504230496325621	0.8766270333282411	0.9013892672081196	0.7292576819493964	0.7409109427056944	0.604485930523281	0.9162669144359713	0.9424405625094499	0.9042705134052905	0.9068375902781979	0.9133685949984988	0.9535205135208801	0.8572976084544934	0.8038864823108043	0.8544590009543089	1.027715905596598	1.0836582960991707	0.7540480307856233	0.3101770944886958	0.254671238759876	0.34313272276448065	0.8847809592822987	0.9375109355060498	0.8286433161426282	0.5315264077985198	1.1129403008268481	0.5624780404671667	1.1972406022815856	1.110723878433522	0.7987996237830115	0.885277937238508	0.6527004960046308	0.6405082914369401	0.47966236170316684	0.0	0.21047659731029986	0.7422228407014759	0.6424007846557103
cNT5c	0.8447990026352886	0.7469902938049794	0.8296123818375929	0.8529486425421784	0.8509006667815904	0.8182494775198971	0.8649269441268606	0.7783048783464719	0.8589043204189242	0.8552568174144235	0.6337498124053392	0.7644108425264879	0.7860751178123124	0.8493389862637195	0.7478059938740729	0.8381065133021793	0.8241644844282623	0.7865642592944329	0.8582407575935992	0.827365515763508	0.8465487690488743	0.8640090269962412	0.8539686758978206	0.815156907508515	0.8561735571365856	0.8233808310892791	0.8575032203293295	0.838452713799252	0.6566496997023913	0.7380762951432633	0.8504511696875576	0.8449201795152446	0.8284614778081667	0.732080672277959	0.7985596691371964	0.7920349492279501	0.7677484874709751	0.7185157072008818	0.581496184705469	0.8260856718188917	0.8745491251664864	0.8066295040037018	0.8086895554245569	0.8196845538980869	0.8989079888451958	0.8349299109856244	0.9408957579699833	0.8348074978524955	1.1111059385894027	0.9893162867514945	0.853770461550726	0.25765954888749343	0.34550608326789034	0.22351402956996713	0.7780726727652187	0.823222747454961	0.7113885408966375	0.5399021637035286	1.2269850465938483	0.4498465182921807	1.3021305219011108	1.2406862677295065	0.7654257311589818	0.9517824629026062	0.630293247156676	0.5155466089665649	0.5930116701565668	0.21047659731029986	0.0	0.8312997877159861	0.6819376977823824
cNT6a	0.703711558299041	0.638031440811829	0.7257664596548167	0.8196826990933966	0.8139905372922178	0.7897087329785177	0.8273253072629416	0.7431761163980851	0.8241385660612516	0.8186112116605353	0.6761109019515369	0.7167547596590119	0.734558206189393	0.801442749559869	0.7094936773987521	0.7991145897360102	0.7754774314204061	0.7287138487762108	0.813896135628344	0.7954351944444342	0.8165631473773416	0.8222026202535638	0.8169528922597884	0.777800911867678	0.820181486092957	0.7738221037987151	0.822018427464506	0.8046413996019188	0.6730155965861315	0.7157700518162233	0.8078607545209446	0.8030927212555959	0.7894031847931718	0.6946158701762701	0.7326840490733909	0.744839577585631	0.4054178201619051	0.5513674245280475	0.4249882273107586	0.6739177132348029	0.8238282767675676	0.7457718114366396	0.7383392223888957	0.7375947840150237	0.8393686050100237	0.664395596713583	0.6433597405871441	0.7056982548509054	0.49366537605934674	0.9645118705472091	0.490262984299741	0.9559376909736416	0.9281453813318997	0.8157198409280986	0.7353517186851576	0.787598986688887	0.6882730806851172	0.60969844324859	0.5619637305318129	0.6578067551713764	0.6259293106551832	0.5624137668505164	0.6609529160337104	0.3059799042303142	0.5083749585871032	0.7733567120721987	0.40051332484832336	0.7422228407014759	0.8312997877159861	0.0	0.3470853645269727
cNT6c	0.6017168339634129	0.5879005118460083	0.6851938157505504	0.7793003781223665	0.7768497953139992	0.7444612563494798	0.7897099457664374	0.6987426469314618	0.7840157800963218	0.7788898316474406	0.5781224999990596	0.6562261927903682	0.6880775533473525	0.7605685814801912	0.663241505836046	0.7554964743303143	0.7343158443705935	0.685558950100165	0.7775173234532279	0.7546790927655586	0.7719227208417304	0.7875949739616563	0.7764770907883087	0.7385129378482473	0.780949994117947	0.7378763714361136	0.7823714703517856	0.7644256106107253	0.6126531870276296	0.6689045542527139	0.7716834363920506	0.7627665511789202	0.7530520325888534	0.6494120626657447	0.6966766947190131	0.7060993335027396	0.3596034772388412	0.5180384445202096	0.27705033926605915	0.48217593438204176	0.5715327199154403	0.4883532583317726	0.7025274980541422	0.7077793996736236	0.5907756483308586	0.4427813596274036	0.44705171839491864	0.6634363671582909	0.740270051726726	0.6979473429342128	0.2779198702223274	0.8167524709423756	0.8342788692390243	0.597695185898705	0.6956930508733996	0.7382616712382809	0.6355535791681418	0.5079341576521206	0.8574264718391527	0.5182507693258811	0.9007975353488441	0.8325730156422799	0.6271953724952319	0.43211455745649036	0.3959291262805143	0.5838201259440152	0.5590264698287187	0.6424007846557103	0.6819376977823824	0.3470853645269727	0.0
